Country Name,Happiness Score,Year,EG.ELC.ACCS.ZS,SE.PRM.TENR,NY.ADJ.NNTY.KD.ZG,NY.ADJ.AEDU.GN.ZS,NY.ADJ.ICTR.GN.ZS,SP.POP.DPND,SP.DYN.CBRT.IN,SP.DYN.CDRT.IN,SE.XPD.SECO.ZS,GC.XPN.TOTL.GD.ZS,SH.XPD.EHEX.CH.ZS,NY.GDP.MKTP.CD,NY.GDP.MKTP.KD.ZG,NY.GDS.TOTL.ZS,SE.ADT.1524.LT.ZS,SH.DYN.NMRT,SH.DYN.MORT,SE.SEC.ENRL.TC.ZS,SE.PRM.ENRL.TC.ZS,EG.FEC.RNEW.ZS,AG.SRF.TOTL.K2,GC.TAX.TOTL.GD.ZS,NE.TRD.GNFS.ZS,SL.UEM.TOTL.NE.ZS
Afghanistan,3.36,2016,3.36,3.36,3.36,3.36,3.36,3.36,3.36,3.36,3.36,3.36,3.36,3.36,3.36,3.36,3.36,3.36,3.36,3.36,3.36,3.36,3.36,3.36,3.36,3.36
Albania,4.655,2016,4.655,4.655,4.655,4.655,4.655,4.655,4.655,4.655,4.655,4.655,4.655,4.655,4.655,4.655,4.655,4.655,4.655,4.655,4.655,4.655,4.655,4.655,4.655,4.655
Algeria,6.355,2016,6.355,6.355,6.355,6.355,6.355,6.355,6.355,6.355,6.355,6.355,6.355,6.355,6.355,6.355,6.355,6.355,6.355,6.355,6.355,6.355,6.355,6.355,6.355,6.355
Angola,3.866,2016,3.866,3.866,3.866,3.866,3.866,3.866,3.866,3.866,3.866,3.866,3.866,3.866,3.866,3.866,3.866,3.866,3.866,3.866,3.866,3.866,3.866,3.866,3.866,3.866
Argentina,6.65,2016,6.65,6.65,6.65,6.65,6.65,6.65,6.65,6.65,6.65,6.65,6.65,6.65,6.65,6.65,6.65,6.65,6.65,6.65,6.65,6.65,6.65,6.65,6.65,6.65
Armenia,4.36,2016,4.36,4.36,4.36,4.36,4.36,4.36,4.36,4.36,4.36,4.36,4.36,4.36,4.36,4.36,4.36,4.36,4.36,4.36,4.36,4.36,4.36,4.36,4.36,4.36
Australia,7.313,2016,7.313,7.313,7.313,7.313,7.313,7.313,7.313,7.313,7.313,7.313,7.313,7.313,7.313,7.313,7.313,7.313,7.313,7.313,7.313,7.313,7.313,7.313,7.313,7.313
Austria,7.119,2016,7.119,7.119,7.119,7.119,7.119,7.119,7.119,7.119,7.119,7.119,7.119,7.119,7.119,7.119,7.119,7.119,7.119,7.119,7.119,7.119,7.119,7.119,7.119,7.119
Azerbaijan,5.291,2016,5.291,5.291,5.291,5.291,5.291,5.291,5.291,5.291,5.291,5.291,5.291,5.291,5.291,5.291,5.291,5.291,5.291,5.291,5.291,5.291,5.291,5.291,5.291,5.291
Bahrain,6.218,2016,6.218,6.218,6.218,6.218,6.218,6.218,6.218,6.218,6.218,6.218,6.218,6.218,6.218,6.218,6.218,6.218,6.218,6.218,6.218,6.218,6.218,6.218,6.218,6.218
Bangladesh,4.643,2016,4.643,4.643,4.643,4.643,4.643,4.643,4.643,4.643,4.643,4.643,4.643,4.643,4.643,4.643,4.643,4.643,4.643,4.643,4.643,4.643,4.643,4.643,4.643,4.643
Belarus,5.802,2016,5.802,5.802,5.802,5.802,5.802,5.802,5.802,5.802,5.802,5.802,5.802,5.802,5.802,5.802,5.802,5.802,5.802,5.802,5.802,5.802,5.802,5.802,5.802,5.802
Belgium,6.929,2016,6.929,6.929,6.929,6.929,6.929,6.929,6.929,6.929,6.929,6.929,6.929,6.929,6.929,6.929,6.929,6.929,6.929,6.929,6.929,6.929,6.929,6.929,6.929,6.929
Belize,5.956,2016,5.956,5.956,5.956,5.956,5.956,5.956,5.956,5.956,5.956,5.956,5.956,5.956,5.956,5.956,5.956,5.956,5.956,5.956,5.956,5.956,5.956,5.956,5.956,5.956
Benin,3.484,2016,3.484,3.484,3.484,3.484,3.484,3.484,3.484,3.484,3.484,3.484,3.484,3.484,3.484,3.484,3.484,3.484,3.484,3.484,3.484,3.484,3.484,3.484,3.484,3.484
Bhutan,5.196,2016,5.196,5.196,5.196,5.196,5.196,5.196,5.196,5.196,5.196,5.196,5.196,5.196,5.196,5.196,5.196,5.196,5.196,5.196,5.196,5.196,5.196,5.196,5.196,5.196
Bolivia,5.822,2016,5.822,5.822,5.822,5.822,5.822,5.822,5.822,5.822,5.822,5.822,5.822,5.822,5.822,5.822,5.822,5.822,5.822,5.822,5.822,5.822,5.822,5.822,5.822,5.822
Bosnia and Herzegovina,5.163,2016,5.163,5.163,5.163,5.163,5.163,5.163,5.163,5.163,5.163,5.163,5.163,5.163,5.163,5.163,5.163,5.163,5.163,5.163,5.163,5.163,5.163,5.163,5.163,5.163
Botswana,3.974,2016,3.974,3.974,3.974,3.974,3.974,3.974,3.974,3.974,3.974,3.974,3.974,3.974,3.974,3.974,3.974,3.974,3.974,3.974,3.974,3.974,3.974,3.974,3.974,3.974
Brazil,6.952,2016,6.952,6.952,6.952,6.952,6.952,6.952,6.952,6.952,6.952,6.952,6.952,6.952,6.952,6.952,6.952,6.952,6.952,6.952,6.952,6.952,6.952,6.952,6.952,6.952
Bulgaria,4.217,2016,4.217,4.217,4.217,4.217,4.217,4.217,4.217,4.217,4.217,4.217,4.217,4.217,4.217,4.217,4.217,4.217,4.217,4.217,4.217,4.217,4.217,4.217,4.217,4.217
Burkina Faso,3.739,2016,3.739,3.739,3.739,3.739,3.739,3.739,3.739,3.739,3.739,3.739,3.739,3.739,3.739,3.739,3.739,3.739,3.739,3.739,3.739,3.739,3.739,3.739,3.739,3.739
Burundi,2.905,2016,2.905,2.905,2.905,2.905,2.905,2.905,2.905,2.905,2.905,2.905,2.905,2.905,2.905,2.905,2.905,2.905,2.905,2.905,2.905,2.905,2.905,2.905,2.905,2.905
Cambodia,3.907,2016,3.907,3.907,3.907,3.907,3.907,3.907,3.907,3.907,3.907,3.907,3.907,3.907,3.907,3.907,3.907,3.907,3.907,3.907,3.907,3.907,3.907,3.907,3.907,3.907
Cameroon,4.513,2016,4.513,4.513,4.513,4.513,4.513,4.513,4.513,4.513,4.513,4.513,4.513,4.513,4.513,4.513,4.513,4.513,4.513,4.513,4.513,4.513,4.513,4.513,4.513,4.513
Canada,7.404,2016,7.404,7.404,7.404,7.404,7.404,7.404,7.404,7.404,7.404,7.404,7.404,7.404,7.404,7.404,7.404,7.404,7.404,7.404,7.404,7.404,7.404,7.404,7.404,7.404
Chad,3.763,2016,3.763,3.763,3.763,3.763,3.763,3.763,3.763,3.763,3.763,3.763,3.763,3.763,3.763,3.763,3.763,3.763,3.763,3.763,3.763,3.763,3.763,3.763,3.763,3.763
Chile,6.705,2016,6.705,6.705,6.705,6.705,6.705,6.705,6.705,6.705,6.705,6.705,6.705,6.705,6.705,6.705,6.705,6.705,6.705,6.705,6.705,6.705,6.705,6.705,6.705,6.705
China,5.245,2016,5.245,5.245,5.245,5.245,5.245,5.245,5.245,5.245,5.245,5.245,5.245,5.245,5.245,5.245,5.245,5.245,5.245,5.245,5.245,5.245,5.245,5.245,5.245,5.245
Colombia,6.481,2016,6.481,6.481,6.481,6.481,6.481,6.481,6.481,6.481,6.481,6.481,6.481,6.481,6.481,6.481,6.481,6.481,6.481,6.481,6.481,6.481,6.481,6.481,6.481,6.481
Comoros,3.956,2016,3.956,3.956,3.956,3.956,3.956,3.956,3.956,3.956,3.956,3.956,3.956,3.956,3.956,3.956,3.956,3.956,3.956,3.956,3.956,3.956,3.956,3.956,3.956,3.956
Costa Rica,7.087,2016,7.087,7.087,7.087,7.087,7.087,7.087,7.087,7.087,7.087,7.087,7.087,7.087,7.087,7.087,7.087,7.087,7.087,7.087,7.087,7.087,7.087,7.087,7.087,7.087
Croatia,5.488,2016,5.488,5.488,5.488,5.488,5.488,5.488,5.488,5.488,5.488,5.488,5.488,5.488,5.488,5.488,5.488,5.488,5.488,5.488,5.488,5.488,5.488,5.488,5.488,5.488
Cyprus,5.546,2016,5.546,5.546,5.546,5.546,5.546,5.546,5.546,5.546,5.546,5.546,5.546,5.546,5.546,5.546,5.546,5.546,5.546,5.546,5.546,5.546,5.546,5.546,5.546,5.546
Czech Republic,6.596,2016,6.596,6.596,6.596,6.596,6.596,6.596,6.596,6.596,6.596,6.596,6.596,6.596,6.596,6.596,6.596,6.596,6.596,6.596,6.596,6.596,6.596,6.596,6.596,6.596
Denmark,7.526,2016,7.526,7.526,7.526,7.526,7.526,7.526,7.526,7.526,7.526,7.526,7.526,7.526,7.526,7.526,7.526,7.526,7.526,7.526,7.526,7.526,7.526,7.526,7.526,7.526
Dominican Republic,5.155,2016,5.155,5.155,5.155,5.155,5.155,5.155,5.155,5.155,5.155,5.155,5.155,5.155,5.155,5.155,5.155,5.155,5.155,5.155,5.155,5.155,5.155,5.155,5.155,5.155
Ecuador,5.976,2016,5.976,5.976,5.976,5.976,5.976,5.976,5.976,5.976,5.976,5.976,5.976,5.976,5.976,5.976,5.976,5.976,5.976,5.976,5.976,5.976,5.976,5.976,5.976,5.976
El Salvador,6.068,2016,6.068,6.068,6.068,6.068,6.068,6.068,6.068,6.068,6.068,6.068,6.068,6.068,6.068,6.068,6.068,6.068,6.068,6.068,6.068,6.068,6.068,6.068,6.068,6.068
Estonia,5.517,2016,5.517,5.517,5.517,5.517,5.517,5.517,5.517,5.517,5.517,5.517,5.517,5.517,5.517,5.517,5.517,5.517,5.517,5.517,5.517,5.517,5.517,5.517,5.517,5.517
Ethiopia,4.508,2016,4.508,4.508,4.508,4.508,4.508,4.508,4.508,4.508,4.508,4.508,4.508,4.508,4.508,4.508,4.508,4.508,4.508,4.508,4.508,4.508,4.508,4.508,4.508,4.508
Finland,7.413,2016,7.413,7.413,7.413,7.413,7.413,7.413,7.413,7.413,7.413,7.413,7.413,7.413,7.413,7.413,7.413,7.413,7.413,7.413,7.413,7.413,7.413,7.413,7.413,7.413
France,6.478,2016,6.478,6.478,6.478,6.478,6.478,6.478,6.478,6.478,6.478,6.478,6.478,6.478,6.478,6.478,6.478,6.478,6.478,6.478,6.478,6.478,6.478,6.478,6.478,6.478
Gabon,4.121,2016,4.121,4.121,4.121,4.121,4.121,4.121,4.121,4.121,4.121,4.121,4.121,4.121,4.121,4.121,4.121,4.121,4.121,4.121,4.121,4.121,4.121,4.121,4.121,4.121
Georgia,4.252,2016,4.252,4.252,4.252,4.252,4.252,4.252,4.252,4.252,4.252,4.252,4.252,4.252,4.252,4.252,4.252,4.252,4.252,4.252,4.252,4.252,4.252,4.252,4.252,4.252
Germany,6.994,2016,6.994,6.994,6.994,6.994,6.994,6.994,6.994,6.994,6.994,6.994,6.994,6.994,6.994,6.994,6.994,6.994,6.994,6.994,6.994,6.994,6.994,6.994,6.994,6.994
Ghana,4.276,2016,4.276,4.276,4.276,4.276,4.276,4.276,4.276,4.276,4.276,4.276,4.276,4.276,4.276,4.276,4.276,4.276,4.276,4.276,4.276,4.276,4.276,4.276,4.276,4.276
Greece,5.033,2016,5.033,5.033,5.033,5.033,5.033,5.033,5.033,5.033,5.033,5.033,5.033,5.033,5.033,5.033,5.033,5.033,5.033,5.033,5.033,5.033,5.033,5.033,5.033,5.033
Guatemala,6.324,2016,6.324,6.324,6.324,6.324,6.324,6.324,6.324,6.324,6.324,6.324,6.324,6.324,6.324,6.324,6.324,6.324,6.324,6.324,6.324,6.324,6.324,6.324,6.324,6.324
Guinea,3.607,2016,3.607,3.607,3.607,3.607,3.607,3.607,3.607,3.607,3.607,3.607,3.607,3.607,3.607,3.607,3.607,3.607,3.607,3.607,3.607,3.607,3.607,3.607,3.607,3.607
Haiti,4.028,2016,4.028,4.028,4.028,4.028,4.028,4.028,4.028,4.028,4.028,4.028,4.028,4.028,4.028,4.028,4.028,4.028,4.028,4.028,4.028,4.028,4.028,4.028,4.028,4.028
Honduras,4.871,2016,4.871,4.871,4.871,4.871,4.871,4.871,4.871,4.871,4.871,4.871,4.871,4.871,4.871,4.871,4.871,4.871,4.871,4.871,4.871,4.871,4.871,4.871,4.871,4.871
Hungary,5.145,2016,5.145,5.145,5.145,5.145,5.145,5.145,5.145,5.145,5.145,5.145,5.145,5.145,5.145,5.145,5.145,5.145,5.145,5.145,5.145,5.145,5.145,5.145,5.145,5.145
Iceland,7.501,2016,7.501,7.501,7.501,7.501,7.501,7.501,7.501,7.501,7.501,7.501,7.501,7.501,7.501,7.501,7.501,7.501,7.501,7.501,7.501,7.501,7.501,7.501,7.501,7.501
India,4.404,2016,4.404,4.404,4.404,4.404,4.404,4.404,4.404,4.404,4.404,4.404,4.404,4.404,4.404,4.404,4.404,4.404,4.404,4.404,4.404,4.404,4.404,4.404,4.404,4.404
Indonesia,5.314,2016,5.314,5.314,5.314,5.314,5.314,5.314,5.314,5.314,5.314,5.314,5.314,5.314,5.314,5.314,5.314,5.314,5.314,5.314,5.314,5.314,5.314,5.314,5.314,5.314
Iraq,4.575,2016,4.575,4.575,4.575,4.575,4.575,4.575,4.575,4.575,4.575,4.575,4.575,4.575,4.575,4.575,4.575,4.575,4.575,4.575,4.575,4.575,4.575,4.575,4.575,4.575
Ireland,6.907,2016,6.907,6.907,6.907,6.907,6.907,6.907,6.907,6.907,6.907,6.907,6.907,6.907,6.907,6.907,6.907,6.907,6.907,6.907,6.907,6.907,6.907,6.907,6.907,6.907
Israel,7.267,2016,7.267,7.267,7.267,7.267,7.267,7.267,7.267,7.267,7.267,7.267,7.267,7.267,7.267,7.267,7.267,7.267,7.267,7.267,7.267,7.267,7.267,7.267,7.267,7.267
Italy,5.977,2016,5.977,5.977,5.977,5.977,5.977,5.977,5.977,5.977,5.977,5.977,5.977,5.977,5.977,5.977,5.977,5.977,5.977,5.977,5.977,5.977,5.977,5.977,5.977,5.977
Jamaica,5.51,2016,5.51,5.51,5.51,5.51,5.51,5.51,5.51,5.51,5.51,5.51,5.51,5.51,5.51,5.51,5.51,5.51,5.51,5.51,5.51,5.51,5.51,5.51,5.51,5.51
Japan,5.921,2016,5.921,5.921,5.921,5.921,5.921,5.921,5.921,5.921,5.921,5.921,5.921,5.921,5.921,5.921,5.921,5.921,5.921,5.921,5.921,5.921,5.921,5.921,5.921,5.921
Jordan,5.303,2016,5.303,5.303,5.303,5.303,5.303,5.303,5.303,5.303,5.303,5.303,5.303,5.303,5.303,5.303,5.303,5.303,5.303,5.303,5.303,5.303,5.303,5.303,5.303,5.303
Kazakhstan,5.919,2016,5.919,5.919,5.919,5.919,5.919,5.919,5.919,5.919,5.919,5.919,5.919,5.919,5.919,5.919,5.919,5.919,5.919,5.919,5.919,5.919,5.919,5.919,5.919,5.919
Kenya,4.356,2016,4.356,4.356,4.356,4.356,4.356,4.356,4.356,4.356,4.356,4.356,4.356,4.356,4.356,4.356,4.356,4.356,4.356,4.356,4.356,4.356,4.356,4.356,4.356,4.356
Kosovo,5.401,2016,5.401,5.401,5.401,5.401,5.401,5.401,5.401,5.401,5.401,5.401,5.401,5.401,5.401,5.401,5.401,5.401,5.401,5.401,5.401,5.401,5.401,5.401,5.401,5.401
Kuwait,6.239,2016,6.239,6.239,6.239,6.239,6.239,6.239,6.239,6.239,6.239,6.239,6.239,6.239,6.239,6.239,6.239,6.239,6.239,6.239,6.239,6.239,6.239,6.239,6.239,6.239
Latvia,5.56,2016,5.56,5.56,5.56,5.56,5.56,5.56,5.56,5.56,5.56,5.56,5.56,5.56,5.56,5.56,5.56,5.56,5.56,5.56,5.56,5.56,5.56,5.56,5.56,5.56
Lebanon,5.129,2016,5.129,5.129,5.129,5.129,5.129,5.129,5.129,5.129,5.129,5.129,5.129,5.129,5.129,5.129,5.129,5.129,5.129,5.129,5.129,5.129,5.129,5.129,5.129,5.129
Liberia,3.622,2016,3.622,3.622,3.622,3.622,3.622,3.622,3.622,3.622,3.622,3.622,3.622,3.622,3.622,3.622,3.622,3.622,3.622,3.622,3.622,3.622,3.622,3.622,3.622,3.622
Libya,5.615,2016,5.615,5.615,5.615,5.615,5.615,5.615,5.615,5.615,5.615,5.615,5.615,5.615,5.615,5.615,5.615,5.615,5.615,5.615,5.615,5.615,5.615,5.615,5.615,5.615
Lithuania,5.813,2016,5.813,5.813,5.813,5.813,5.813,5.813,5.813,5.813,5.813,5.813,5.813,5.813,5.813,5.813,5.813,5.813,5.813,5.813,5.813,5.813,5.813,5.813,5.813,5.813
Luxembourg,6.871,2016,6.871,6.871,6.871,6.871,6.871,6.871,6.871,6.871,6.871,6.871,6.871,6.871,6.871,6.871,6.871,6.871,6.871,6.871,6.871,6.871,6.871,6.871,6.871,6.871
Madagascar,3.695,2016,3.695,3.695,3.695,3.695,3.695,3.695,3.695,3.695,3.695,3.695,3.695,3.695,3.695,3.695,3.695,3.695,3.695,3.695,3.695,3.695,3.695,3.695,3.695,3.695
Malawi,4.156,2016,4.156,4.156,4.156,4.156,4.156,4.156,4.156,4.156,4.156,4.156,4.156,4.156,4.156,4.156,4.156,4.156,4.156,4.156,4.156,4.156,4.156,4.156,4.156,4.156
Malaysia,6.005,2016,6.005,6.005,6.005,6.005,6.005,6.005,6.005,6.005,6.005,6.005,6.005,6.005,6.005,6.005,6.005,6.005,6.005,6.005,6.005,6.005,6.005,6.005,6.005,6.005
Mali,4.073,2016,4.073,4.073,4.073,4.073,4.073,4.073,4.073,4.073,4.073,4.073,4.073,4.073,4.073,4.073,4.073,4.073,4.073,4.073,4.073,4.073,4.073,4.073,4.073,4.073
Malta,6.488,2016,6.488,6.488,6.488,6.488,6.488,6.488,6.488,6.488,6.488,6.488,6.488,6.488,6.488,6.488,6.488,6.488,6.488,6.488,6.488,6.488,6.488,6.488,6.488,6.488
Mauritania,4.201,2016,4.201,4.201,4.201,4.201,4.201,4.201,4.201,4.201,4.201,4.201,4.201,4.201,4.201,4.201,4.201,4.201,4.201,4.201,4.201,4.201,4.201,4.201,4.201,4.201
Mauritius,5.648,2016,5.648,5.648,5.648,5.648,5.648,5.648,5.648,5.648,5.648,5.648,5.648,5.648,5.648,5.648,5.648,5.648,5.648,5.648,5.648,5.648,5.648,5.648,5.648,5.648
Mexico,6.778,2016,6.778,6.778,6.778,6.778,6.778,6.778,6.778,6.778,6.778,6.778,6.778,6.778,6.778,6.778,6.778,6.778,6.778,6.778,6.778,6.778,6.778,6.778,6.778,6.778
Moldova,5.897,2016,5.897,5.897,5.897,5.897,5.897,5.897,5.897,5.897,5.897,5.897,5.897,5.897,5.897,5.897,5.897,5.897,5.897,5.897,5.897,5.897,5.897,5.897,5.897,5.897
Mongolia,4.907,2016,4.907,4.907,4.907,4.907,4.907,4.907,4.907,4.907,4.907,4.907,4.907,4.907,4.907,4.907,4.907,4.907,4.907,4.907,4.907,4.907,4.907,4.907,4.907,4.907
Montenegro,5.161,2016,5.161,5.161,5.161,5.161,5.161,5.161,5.161,5.161,5.161,5.161,5.161,5.161,5.161,5.161,5.161,5.161,5.161,5.161,5.161,5.161,5.161,5.161,5.161,5.161
Morocco,5.151,2016,5.151,5.151,5.151,5.151,5.151,5.151,5.151,5.151,5.151,5.151,5.151,5.151,5.151,5.151,5.151,5.151,5.151,5.151,5.151,5.151,5.151,5.151,5.151,5.151
Myanmar,4.395,2016,4.395,4.395,4.395,4.395,4.395,4.395,4.395,4.395,4.395,4.395,4.395,4.395,4.395,4.395,4.395,4.395,4.395,4.395,4.395,4.395,4.395,4.395,4.395,4.395
Namibia,4.574,2016,4.574,4.574,4.574,4.574,4.574,4.574,4.574,4.574,4.574,4.574,4.574,4.574,4.574,4.574,4.574,4.574,4.574,4.574,4.574,4.574,4.574,4.574,4.574,4.574
Nepal,4.793,2016,4.793,4.793,4.793,4.793,4.793,4.793,4.793,4.793,4.793,4.793,4.793,4.793,4.793,4.793,4.793,4.793,4.793,4.793,4.793,4.793,4.793,4.793,4.793,4.793
Netherlands,7.339,2016,7.339,7.339,7.339,7.339,7.339,7.339,7.339,7.339,7.339,7.339,7.339,7.339,7.339,7.339,7.339,7.339,7.339,7.339,7.339,7.339,7.339,7.339,7.339,7.339
New Zealand,7.334,2016,7.334,7.334,7.334,7.334,7.334,7.334,7.334,7.334,7.334,7.334,7.334,7.334,7.334,7.334,7.334,7.334,7.334,7.334,7.334,7.334,7.334,7.334,7.334,7.334
Nicaragua,5.992,2016,5.992,5.992,5.992,5.992,5.992,5.992,5.992,5.992,5.992,5.992,5.992,5.992,5.992,5.992,5.992,5.992,5.992,5.992,5.992,5.992,5.992,5.992,5.992,5.992
Niger,3.856,2016,3.856,3.856,3.856,3.856,3.856,3.856,3.856,3.856,3.856,3.856,3.856,3.856,3.856,3.856,3.856,3.856,3.856,3.856,3.856,3.856,3.856,3.856,3.856,3.856
Nigeria,4.875,2016,4.875,4.875,4.875,4.875,4.875,4.875,4.875,4.875,4.875,4.875,4.875,4.875,4.875,4.875,4.875,4.875,4.875,4.875,4.875,4.875,4.875,4.875,4.875,4.875
Norway,7.498,2016,7.498,7.498,7.498,7.498,7.498,7.498,7.498,7.498,7.498,7.498,7.498,7.498,7.498,7.498,7.498,7.498,7.498,7.498,7.498,7.498,7.498,7.498,7.498,7.498
Pakistan,5.132,2016,5.132,5.132,5.132,5.132,5.132,5.132,5.132,5.132,5.132,5.132,5.132,5.132,5.132,5.132,5.132,5.132,5.132,5.132,5.132,5.132,5.132,5.132,5.132,5.132
Panama,6.701,2016,6.701,6.701,6.701,6.701,6.701,6.701,6.701,6.701,6.701,6.701,6.701,6.701,6.701,6.701,6.701,6.701,6.701,6.701,6.701,6.701,6.701,6.701,6.701,6.701
Paraguay,5.538,2016,5.538,5.538,5.538,5.538,5.538,5.538,5.538,5.538,5.538,5.538,5.538,5.538,5.538,5.538,5.538,5.538,5.538,5.538,5.538,5.538,5.538,5.538,5.538,5.538
Peru,5.743,2016,5.743,5.743,5.743,5.743,5.743,5.743,5.743,5.743,5.743,5.743,5.743,5.743,5.743,5.743,5.743,5.743,5.743,5.743,5.743,5.743,5.743,5.743,5.743,5.743
Philippines,5.279,2016,5.279,5.279,5.279,5.279,5.279,5.279,5.279,5.279,5.279,5.279,5.279,5.279,5.279,5.279,5.279,5.279,5.279,5.279,5.279,5.279,5.279,5.279,5.279,5.279
Poland,5.835,2016,5.835,5.835,5.835,5.835,5.835,5.835,5.835,5.835,5.835,5.835,5.835,5.835,5.835,5.835,5.835,5.835,5.835,5.835,5.835,5.835,5.835,5.835,5.835,5.835
Portugal,5.123,2016,5.123,5.123,5.123,5.123,5.123,5.123,5.123,5.123,5.123,5.123,5.123,5.123,5.123,5.123,5.123,5.123,5.123,5.123,5.123,5.123,5.123,5.123,5.123,5.123
Puerto Rico,7.039,2016,7.039,7.039,7.039,7.039,7.039,7.039,7.039,7.039,7.039,7.039,7.039,7.039,7.039,7.039,7.039,7.039,7.039,7.039,7.039,7.039,7.039,7.039,7.039,7.039
Qatar,6.375,2016,6.375,6.375,6.375,6.375,6.375,6.375,6.375,6.375,6.375,6.375,6.375,6.375,6.375,6.375,6.375,6.375,6.375,6.375,6.375,6.375,6.375,6.375,6.375,6.375
Romania,5.528,2016,5.528,5.528,5.528,5.528,5.528,5.528,5.528,5.528,5.528,5.528,5.528,5.528,5.528,5.528,5.528,5.528,5.528,5.528,5.528,5.528,5.528,5.528,5.528,5.528
Rwanda,3.515,2016,3.515,3.515,3.515,3.515,3.515,3.515,3.515,3.515,3.515,3.515,3.515,3.515,3.515,3.515,3.515,3.515,3.515,3.515,3.515,3.515,3.515,3.515,3.515,3.515
Saudi Arabia,6.379,2016,6.379,6.379,6.379,6.379,6.379,6.379,6.379,6.379,6.379,6.379,6.379,6.379,6.379,6.379,6.379,6.379,6.379,6.379,6.379,6.379,6.379,6.379,6.379,6.379
Senegal,4.219,2016,4.219,4.219,4.219,4.219,4.219,4.219,4.219,4.219,4.219,4.219,4.219,4.219,4.219,4.219,4.219,4.219,4.219,4.219,4.219,4.219,4.219,4.219,4.219,4.219
Serbia,5.177,2016,5.177,5.177,5.177,5.177,5.177,5.177,5.177,5.177,5.177,5.177,5.177,5.177,5.177,5.177,5.177,5.177,5.177,5.177,5.177,5.177,5.177,5.177,5.177,5.177
Sierra Leone,4.635,2016,4.635,4.635,4.635,4.635,4.635,4.635,4.635,4.635,4.635,4.635,4.635,4.635,4.635,4.635,4.635,4.635,4.635,4.635,4.635,4.635,4.635,4.635,4.635,4.635
Singapore,6.739,2016,6.739,6.739,6.739,6.739,6.739,6.739,6.739,6.739,6.739,6.739,6.739,6.739,6.739,6.739,6.739,6.739,6.739,6.739,6.739,6.739,6.739,6.739,6.739,6.739
Slovenia,5.768,2016,5.768,5.768,5.768,5.768,5.768,5.768,5.768,5.768,5.768,5.768,5.768,5.768,5.768,5.768,5.768,5.768,5.768,5.768,5.768,5.768,5.768,5.768,5.768,5.768
Somalia,5.44,2016,5.44,5.44,5.44,5.44,5.44,5.44,5.44,5.44,5.44,5.44,5.44,5.44,5.44,5.44,5.44,5.44,5.44,5.44,5.44,5.44,5.44,5.44,5.44,5.44
South Africa,4.459,2016,4.459,4.459,4.459,4.459,4.459,4.459,4.459,4.459,4.459,4.459,4.459,4.459,4.459,4.459,4.459,4.459,4.459,4.459,4.459,4.459,4.459,4.459,4.459,4.459
South Sudan,3.832,2016,3.832,3.832,3.832,3.832,3.832,3.832,3.832,3.832,3.832,3.832,3.832,3.832,3.832,3.832,3.832,3.832,3.832,3.832,3.832,3.832,3.832,3.832,3.832,3.832
Spain,6.361,2016,6.361,6.361,6.361,6.361,6.361,6.361,6.361,6.361,6.361,6.361,6.361,6.361,6.361,6.361,6.361,6.361,6.361,6.361,6.361,6.361,6.361,6.361,6.361,6.361
Sri Lanka,4.415,2016,4.415,4.415,4.415,4.415,4.415,4.415,4.415,4.415,4.415,4.415,4.415,4.415,4.415,4.415,4.415,4.415,4.415,4.415,4.415,4.415,4.415,4.415,4.415,4.415
Sudan,4.139,2016,4.139,4.139,4.139,4.139,4.139,4.139,4.139,4.139,4.139,4.139,4.139,4.139,4.139,4.139,4.139,4.139,4.139,4.139,4.139,4.139,4.139,4.139,4.139,4.139
Suriname,6.269,2016,6.269,6.269,6.269,6.269,6.269,6.269,6.269,6.269,6.269,6.269,6.269,6.269,6.269,6.269,6.269,6.269,6.269,6.269,6.269,6.269,6.269,6.269,6.269,6.269
Sweden,7.291,2016,7.291,7.291,7.291,7.291,7.291,7.291,7.291,7.291,7.291,7.291,7.291,7.291,7.291,7.291,7.291,7.291,7.291,7.291,7.291,7.291,7.291,7.291,7.291,7.291
Switzerland,7.509,2016,7.509,7.509,7.509,7.509,7.509,7.509,7.509,7.509,7.509,7.509,7.509,7.509,7.509,7.509,7.509,7.509,7.509,7.509,7.509,7.509,7.509,7.509,7.509,7.509
Tajikistan,4.996,2016,4.996,4.996,4.996,4.996,4.996,4.996,4.996,4.996,4.996,4.996,4.996,4.996,4.996,4.996,4.996,4.996,4.996,4.996,4.996,4.996,4.996,4.996,4.996,4.996
Tanzania,3.666,2016,3.666,3.666,3.666,3.666,3.666,3.666,3.666,3.666,3.666,3.666,3.666,3.666,3.666,3.666,3.666,3.666,3.666,3.666,3.666,3.666,3.666,3.666,3.666,3.666
Thailand,6.474,2016,6.474,6.474,6.474,6.474,6.474,6.474,6.474,6.474,6.474,6.474,6.474,6.474,6.474,6.474,6.474,6.474,6.474,6.474,6.474,6.474,6.474,6.474,6.474,6.474
Togo,3.303,2016,3.303,3.303,3.303,3.303,3.303,3.303,3.303,3.303,3.303,3.303,3.303,3.303,3.303,3.303,3.303,3.303,3.303,3.303,3.303,3.303,3.303,3.303,3.303,3.303
Trinidad and Tobago,6.168,2016,6.168,6.168,6.168,6.168,6.168,6.168,6.168,6.168,6.168,6.168,6.168,6.168,6.168,6.168,6.168,6.168,6.168,6.168,6.168,6.168,6.168,6.168,6.168,6.168
Tunisia,5.045,2016,5.045,5.045,5.045,5.045,5.045,5.045,5.045,5.045,5.045,5.045,5.045,5.045,5.045,5.045,5.045,5.045,5.045,5.045,5.045,5.045,5.045,5.045,5.045,5.045
Turkey,5.389,2016,5.389,5.389,5.389,5.389,5.389,5.389,5.389,5.389,5.389,5.389,5.389,5.389,5.389,5.389,5.389,5.389,5.389,5.389,5.389,5.389,5.389,5.389,5.389,5.389
Turkmenistan,5.658,2016,5.658,5.658,5.658,5.658,5.658,5.658,5.658,5.658,5.658,5.658,5.658,5.658,5.658,5.658,5.658,5.658,5.658,5.658,5.658,5.658,5.658,5.658,5.658,5.658
Uganda,3.739,2016,3.739,3.739,3.739,3.739,3.739,3.739,3.739,3.739,3.739,3.739,3.739,3.739,3.739,3.739,3.739,3.739,3.739,3.739,3.739,3.739,3.739,3.739,3.739,3.739
Ukraine,4.324,2016,4.324,4.324,4.324,4.324,4.324,4.324,4.324,4.324,4.324,4.324,4.324,4.324,4.324,4.324,4.324,4.324,4.324,4.324,4.324,4.324,4.324,4.324,4.324,4.324
United Arab Emirates,6.573,2016,6.573,6.573,6.573,6.573,6.573,6.573,6.573,6.573,6.573,6.573,6.573,6.573,6.573,6.573,6.573,6.573,6.573,6.573,6.573,6.573,6.573,6.573,6.573,6.573
United Kingdom,6.725,2016,6.725,6.725,6.725,6.725,6.725,6.725,6.725,6.725,6.725,6.725,6.725,6.725,6.725,6.725,6.725,6.725,6.725,6.725,6.725,6.725,6.725,6.725,6.725,6.725
United States,7.104,2016,7.104,7.104,7.104,7.104,7.104,7.104,7.104,7.104,7.104,7.104,7.104,7.104,7.104,7.104,7.104,7.104,7.104,7.104,7.104,7.104,7.104,7.104,7.104,7.104
Uruguay,6.545,2016,6.545,6.545,6.545,6.545,6.545,6.545,6.545,6.545,6.545,6.545,6.545,6.545,6.545,6.545,6.545,6.545,6.545,6.545,6.545,6.545,6.545,6.545,6.545,6.545
Uzbekistan,5.987,2016,5.987,5.987,5.987,5.987,5.987,5.987,5.987,5.987,5.987,5.987,5.987,5.987,5.987,5.987,5.987,5.987,5.987,5.987,5.987,5.987,5.987,5.987,5.987,5.987
Vietnam,5.061,2016,5.061,5.061,5.061,5.061,5.061,5.061,5.061,5.061,5.061,5.061,5.061,5.061,5.061,5.061,5.061,5.061,5.061,5.061,5.061,5.061,5.061,5.061,5.061,5.061
Zambia,4.795,2016,4.795,4.795,4.795,4.795,4.795,4.795,4.795,4.795,4.795,4.795,4.795,4.795,4.795,4.795,4.795,4.795,4.795,4.795,4.795,4.795,4.795,4.795,4.795,4.795
Zimbabwe,4.193,2016,4.193,4.193,4.193,4.193,4.193,4.193,4.193,4.193,4.193,4.193,4.193,4.193,4.193,4.193,4.193,4.193,4.193,4.193,4.193,4.193,4.193,4.193,4.193,4.193
Afghanistan,3.575,2015,3.575,3.575,3.575,3.575,3.575,3.575,3.575,3.575,3.575,3.575,3.575,3.575,3.575,3.575,3.575,3.575,3.575,3.575,3.575,3.575,3.575,3.575,3.575,3.575
Albania,4.959,2015,4.959,4.959,4.959,4.959,4.959,4.959,4.959,4.959,4.959,4.959,4.959,4.959,4.959,4.959,4.959,4.959,4.959,4.959,4.959,4.959,4.959,4.959,4.959,4.959
Algeria,5.605,2015,5.605,5.605,5.605,5.605,5.605,5.605,5.605,5.605,5.605,5.605,5.605,5.605,5.605,5.605,5.605,5.605,5.605,5.605,5.605,5.605,5.605,5.605,5.605,5.605
Angola,4.033,2015,4.033,4.033,4.033,4.033,4.033,4.033,4.033,4.033,4.033,4.033,4.033,4.033,4.033,4.033,4.033,4.033,4.033,4.033,4.033,4.033,4.033,4.033,4.033,4.033
Argentina,6.574,2015,6.574,6.574,6.574,6.574,6.574,6.574,6.574,6.574,6.574,6.574,6.574,6.574,6.574,6.574,6.574,6.574,6.574,6.574,6.574,6.574,6.574,6.574,6.574,6.574
Armenia,4.35,2015,4.35,4.35,4.35,4.35,4.35,4.35,4.35,4.35,4.35,4.35,4.35,4.35,4.35,4.35,4.35,4.35,4.35,4.35,4.35,4.35,4.35,4.35,4.35,4.35
Australia,7.284,2015,7.284,7.284,7.284,7.284,7.284,7.284,7.284,7.284,7.284,7.284,7.284,7.284,7.284,7.284,7.284,7.284,7.284,7.284,7.284,7.284,7.284,7.284,7.284,7.284
Austria,7.2,2015,7.2,7.2,7.2,7.2,7.2,7.2,7.2,7.2,7.2,7.2,7.2,7.2,7.2,7.2,7.2,7.2,7.2,7.2,7.2,7.2,7.2,7.2,7.2,7.2
Azerbaijan,5.212,2015,5.212,5.212,5.212,5.212,5.212,5.212,5.212,5.212,5.212,5.212,5.212,5.212,5.212,5.212,5.212,5.212,5.212,5.212,5.212,5.212,5.212,5.212,5.212,5.212
Bahrain,5.96,2015,5.96,5.96,5.96,5.96,5.96,5.96,5.96,5.96,5.96,5.96,5.96,5.96,5.96,5.96,5.96,5.96,5.96,5.96,5.96,5.96,5.96,5.96,5.96,5.96
Bangladesh,4.694,2015,4.694,4.694,4.694,4.694,4.694,4.694,4.694,4.694,4.694,4.694,4.694,4.694,4.694,4.694,4.694,4.694,4.694,4.694,4.694,4.694,4.694,4.694,4.694,4.694
Belarus,5.813,2015,5.813,5.813,5.813,5.813,5.813,5.813,5.813,5.813,5.813,5.813,5.813,5.813,5.813,5.813,5.813,5.813,5.813,5.813,5.813,5.813,5.813,5.813,5.813,5.813
Belgium,6.937,2015,6.937,6.937,6.937,6.937,6.937,6.937,6.937,6.937,6.937,6.937,6.937,6.937,6.937,6.937,6.937,6.937,6.937,6.937,6.937,6.937,6.937,6.937,6.937,6.937
Benin,3.34,2015,3.34,3.34,3.34,3.34,3.34,3.34,3.34,3.34,3.34,3.34,3.34,3.34,3.34,3.34,3.34,3.34,3.34,3.34,3.34,3.34,3.34,3.34,3.34,3.34
Bhutan,5.253,2015,5.253,5.253,5.253,5.253,5.253,5.253,5.253,5.253,5.253,5.253,5.253,5.253,5.253,5.253,5.253,5.253,5.253,5.253,5.253,5.253,5.253,5.253,5.253,5.253
Bolivia,5.89,2015,5.89,5.89,5.89,5.89,5.89,5.89,5.89,5.89,5.89,5.89,5.89,5.89,5.89,5.89,5.89,5.89,5.89,5.89,5.89,5.89,5.89,5.89,5.89,5.89
Bosnia and Herzegovina,4.949,2015,4.949,4.949,4.949,4.949,4.949,4.949,4.949,4.949,4.949,4.949,4.949,4.949,4.949,4.949,4.949,4.949,4.949,4.949,4.949,4.949,4.949,4.949,4.949,4.949
Botswana,4.332,2015,4.332,4.332,4.332,4.332,4.332,4.332,4.332,4.332,4.332,4.332,4.332,4.332,4.332,4.332,4.332,4.332,4.332,4.332,4.332,4.332,4.332,4.332,4.332,4.332
Brazil,6.983,2015,6.983,6.983,6.983,6.983,6.983,6.983,6.983,6.983,6.983,6.983,6.983,6.983,6.983,6.983,6.983,6.983,6.983,6.983,6.983,6.983,6.983,6.983,6.983,6.983
Bulgaria,4.218,2015,4.218,4.218,4.218,4.218,4.218,4.218,4.218,4.218,4.218,4.218,4.218,4.218,4.218,4.218,4.218,4.218,4.218,4.218,4.218,4.218,4.218,4.218,4.218,4.218
Burkina Faso,3.587,2015,3.587,3.587,3.587,3.587,3.587,3.587,3.587,3.587,3.587,3.587,3.587,3.587,3.587,3.587,3.587,3.587,3.587,3.587,3.587,3.587,3.587,3.587,3.587,3.587
Burundi,2.905,2015,2.905,2.905,2.905,2.905,2.905,2.905,2.905,2.905,2.905,2.905,2.905,2.905,2.905,2.905,2.905,2.905,2.905,2.905,2.905,2.905,2.905,2.905,2.905,2.905
Cambodia,3.819,2015,3.819,3.819,3.819,3.819,3.819,3.819,3.819,3.819,3.819,3.819,3.819,3.819,3.819,3.819,3.819,3.819,3.819,3.819,3.819,3.819,3.819,3.819,3.819,3.819
Cameroon,4.252,2015,4.252,4.252,4.252,4.252,4.252,4.252,4.252,4.252,4.252,4.252,4.252,4.252,4.252,4.252,4.252,4.252,4.252,4.252,4.252,4.252,4.252,4.252,4.252,4.252
Canada,7.427,2015,7.427,7.427,7.427,7.427,7.427,7.427,7.427,7.427,7.427,7.427,7.427,7.427,7.427,7.427,7.427,7.427,7.427,7.427,7.427,7.427,7.427,7.427,7.427,7.427
Central African Republic,3.678,2015,3.678,3.678,3.678,3.678,3.678,3.678,3.678,3.678,3.678,3.678,3.678,3.678,3.678,3.678,3.678,3.678,3.678,3.678,3.678,3.678,3.678,3.678,3.678,3.678
Chad,3.667,2015,3.667,3.667,3.667,3.667,3.667,3.667,3.667,3.667,3.667,3.667,3.667,3.667,3.667,3.667,3.667,3.667,3.667,3.667,3.667,3.667,3.667,3.667,3.667,3.667
Chile,6.67,2015,6.67,6.67,6.67,6.67,6.67,6.67,6.67,6.67,6.67,6.67,6.67,6.67,6.67,6.67,6.67,6.67,6.67,6.67,6.67,6.67,6.67,6.67,6.67,6.67
China,5.14,2015,5.14,5.14,5.14,5.14,5.14,5.14,5.14,5.14,5.14,5.14,5.14,5.14,5.14,5.14,5.14,5.14,5.14,5.14,5.14,5.14,5.14,5.14,5.14,5.14
Colombia,6.477,2015,6.477,6.477,6.477,6.477,6.477,6.477,6.477,6.477,6.477,6.477,6.477,6.477,6.477,6.477,6.477,6.477,6.477,6.477,6.477,6.477,6.477,6.477,6.477,6.477
Comoros,3.956,2015,3.956,3.956,3.956,3.956,3.956,3.956,3.956,3.956,3.956,3.956,3.956,3.956,3.956,3.956,3.956,3.956,3.956,3.956,3.956,3.956,3.956,3.956,3.956,3.956
Costa Rica,7.226,2015,7.226,7.226,7.226,7.226,7.226,7.226,7.226,7.226,7.226,7.226,7.226,7.226,7.226,7.226,7.226,7.226,7.226,7.226,7.226,7.226,7.226,7.226,7.226,7.226
Croatia,5.759,2015,5.759,5.759,5.759,5.759,5.759,5.759,5.759,5.759,5.759,5.759,5.759,5.759,5.759,5.759,5.759,5.759,5.759,5.759,5.759,5.759,5.759,5.759,5.759,5.759
Cyprus,5.689,2015,5.689,5.689,5.689,5.689,5.689,5.689,5.689,5.689,5.689,5.689,5.689,5.689,5.689,5.689,5.689,5.689,5.689,5.689,5.689,5.689,5.689,5.689,5.689,5.689
Czech Republic,6.505,2015,6.505,6.505,6.505,6.505,6.505,6.505,6.505,6.505,6.505,6.505,6.505,6.505,6.505,6.505,6.505,6.505,6.505,6.505,6.505,6.505,6.505,6.505,6.505,6.505
Denmark,7.527,2015,7.527,7.527,7.527,7.527,7.527,7.527,7.527,7.527,7.527,7.527,7.527,7.527,7.527,7.527,7.527,7.527,7.527,7.527,7.527,7.527,7.527,7.527,7.527,7.527
Djibouti,4.369,2015,4.369,4.369,4.369,4.369,4.369,4.369,4.369,4.369,4.369,4.369,4.369,4.369,4.369,4.369,4.369,4.369,4.369,4.369,4.369,4.369,4.369,4.369,4.369,4.369
Dominican Republic,4.885,2015,4.885,4.885,4.885,4.885,4.885,4.885,4.885,4.885,4.885,4.885,4.885,4.885,4.885,4.885,4.885,4.885,4.885,4.885,4.885,4.885,4.885,4.885,4.885,4.885
Ecuador,5.975,2015,5.975,5.975,5.975,5.975,5.975,5.975,5.975,5.975,5.975,5.975,5.975,5.975,5.975,5.975,5.975,5.975,5.975,5.975,5.975,5.975,5.975,5.975,5.975,5.975
El Salvador,6.13,2015,6.13,6.13,6.13,6.13,6.13,6.13,6.13,6.13,6.13,6.13,6.13,6.13,6.13,6.13,6.13,6.13,6.13,6.13,6.13,6.13,6.13,6.13,6.13,6.13
Estonia,5.429,2015,5.429,5.429,5.429,5.429,5.429,5.429,5.429,5.429,5.429,5.429,5.429,5.429,5.429,5.429,5.429,5.429,5.429,5.429,5.429,5.429,5.429,5.429,5.429,5.429
Ethiopia,4.512,2015,4.512,4.512,4.512,4.512,4.512,4.512,4.512,4.512,4.512,4.512,4.512,4.512,4.512,4.512,4.512,4.512,4.512,4.512,4.512,4.512,4.512,4.512,4.512,4.512
Finland,7.406,2015,7.406,7.406,7.406,7.406,7.406,7.406,7.406,7.406,7.406,7.406,7.406,7.406,7.406,7.406,7.406,7.406,7.406,7.406,7.406,7.406,7.406,7.406,7.406,7.406
France,6.575,2015,6.575,6.575,6.575,6.575,6.575,6.575,6.575,6.575,6.575,6.575,6.575,6.575,6.575,6.575,6.575,6.575,6.575,6.575,6.575,6.575,6.575,6.575,6.575,6.575
Gabon,3.896,2015,3.896,3.896,3.896,3.896,3.896,3.896,3.896,3.896,3.896,3.896,3.896,3.896,3.896,3.896,3.896,3.896,3.896,3.896,3.896,3.896,3.896,3.896,3.896,3.896
Georgia,4.297,2015,4.297,4.297,4.297,4.297,4.297,4.297,4.297,4.297,4.297,4.297,4.297,4.297,4.297,4.297,4.297,4.297,4.297,4.297,4.297,4.297,4.297,4.297,4.297,4.297
Germany,6.75,2015,6.75,6.75,6.75,6.75,6.75,6.75,6.75,6.75,6.75,6.75,6.75,6.75,6.75,6.75,6.75,6.75,6.75,6.75,6.75,6.75,6.75,6.75,6.75,6.75
Ghana,4.633,2015,4.633,4.633,4.633,4.633,4.633,4.633,4.633,4.633,4.633,4.633,4.633,4.633,4.633,4.633,4.633,4.633,4.633,4.633,4.633,4.633,4.633,4.633,4.633,4.633
Greece,4.857,2015,4.857,4.857,4.857,4.857,4.857,4.857,4.857,4.857,4.857,4.857,4.857,4.857,4.857,4.857,4.857,4.857,4.857,4.857,4.857,4.857,4.857,4.857,4.857,4.857
Guatemala,6.123,2015,6.123,6.123,6.123,6.123,6.123,6.123,6.123,6.123,6.123,6.123,6.123,6.123,6.123,6.123,6.123,6.123,6.123,6.123,6.123,6.123,6.123,6.123,6.123,6.123
Guinea,3.656,2015,3.656,3.656,3.656,3.656,3.656,3.656,3.656,3.656,3.656,3.656,3.656,3.656,3.656,3.656,3.656,3.656,3.656,3.656,3.656,3.656,3.656,3.656,3.656,3.656
Haiti,4.518,2015,4.518,4.518,4.518,4.518,4.518,4.518,4.518,4.518,4.518,4.518,4.518,4.518,4.518,4.518,4.518,4.518,4.518,4.518,4.518,4.518,4.518,4.518,4.518,4.518
Honduras,4.788,2015,4.788,4.788,4.788,4.788,4.788,4.788,4.788,4.788,4.788,4.788,4.788,4.788,4.788,4.788,4.788,4.788,4.788,4.788,4.788,4.788,4.788,4.788,4.788,4.788
Hungary,4.8,2015,4.8,4.8,4.8,4.8,4.8,4.8,4.8,4.8,4.8,4.8,4.8,4.8,4.8,4.8,4.8,4.8,4.8,4.8,4.8,4.8,4.8,4.8,4.8,4.8
Iceland,7.561,2015,7.561,7.561,7.561,7.561,7.561,7.561,7.561,7.561,7.561,7.561,7.561,7.561,7.561,7.561,7.561,7.561,7.561,7.561,7.561,7.561,7.561,7.561,7.561,7.561
India,4.565,2015,4.565,4.565,4.565,4.565,4.565,4.565,4.565,4.565,4.565,4.565,4.565,4.565,4.565,4.565,4.565,4.565,4.565,4.565,4.565,4.565,4.565,4.565,4.565,4.565
Indonesia,5.399,2015,5.399,5.399,5.399,5.399,5.399,5.399,5.399,5.399,5.399,5.399,5.399,5.399,5.399,5.399,5.399,5.399,5.399,5.399,5.399,5.399,5.399,5.399,5.399,5.399
Iraq,4.677,2015,4.677,4.677,4.677,4.677,4.677,4.677,4.677,4.677,4.677,4.677,4.677,4.677,4.677,4.677,4.677,4.677,4.677,4.677,4.677,4.677,4.677,4.677,4.677,4.677
Ireland,6.94,2015,6.94,6.94,6.94,6.94,6.94,6.94,6.94,6.94,6.94,6.94,6.94,6.94,6.94,6.94,6.94,6.94,6.94,6.94,6.94,6.94,6.94,6.94,6.94,6.94
Israel,7.278,2015,7.278,7.278,7.278,7.278,7.278,7.278,7.278,7.278,7.278,7.278,7.278,7.278,7.278,7.278,7.278,7.278,7.278,7.278,7.278,7.278,7.278,7.278,7.278,7.278
Italy,5.948,2015,5.948,5.948,5.948,5.948,5.948,5.948,5.948,5.948,5.948,5.948,5.948,5.948,5.948,5.948,5.948,5.948,5.948,5.948,5.948,5.948,5.948,5.948,5.948,5.948
Jamaica,5.709,2015,5.709,5.709,5.709,5.709,5.709,5.709,5.709,5.709,5.709,5.709,5.709,5.709,5.709,5.709,5.709,5.709,5.709,5.709,5.709,5.709,5.709,5.709,5.709,5.709
Japan,5.987,2015,5.987,5.987,5.987,5.987,5.987,5.987,5.987,5.987,5.987,5.987,5.987,5.987,5.987,5.987,5.987,5.987,5.987,5.987,5.987,5.987,5.987,5.987,5.987,5.987
Jordan,5.192,2015,5.192,5.192,5.192,5.192,5.192,5.192,5.192,5.192,5.192,5.192,5.192,5.192,5.192,5.192,5.192,5.192,5.192,5.192,5.192,5.192,5.192,5.192,5.192,5.192
Kazakhstan,5.855,2015,5.855,5.855,5.855,5.855,5.855,5.855,5.855,5.855,5.855,5.855,5.855,5.855,5.855,5.855,5.855,5.855,5.855,5.855,5.855,5.855,5.855,5.855,5.855,5.855
Kenya,4.419,2015,4.419,4.419,4.419,4.419,4.419,4.419,4.419,4.419,4.419,4.419,4.419,4.419,4.419,4.419,4.419,4.419,4.419,4.419,4.419,4.419,4.419,4.419,4.419,4.419
Kosovo,5.589,2015,5.589,5.589,5.589,5.589,5.589,5.589,5.589,5.589,5.589,5.589,5.589,5.589,5.589,5.589,5.589,5.589,5.589,5.589,5.589,5.589,5.589,5.589,5.589,5.589
Kuwait,6.295,2015,6.295,6.295,6.295,6.295,6.295,6.295,6.295,6.295,6.295,6.295,6.295,6.295,6.295,6.295,6.295,6.295,6.295,6.295,6.295,6.295,6.295,6.295,6.295,6.295
Latvia,5.098,2015,5.098,5.098,5.098,5.098,5.098,5.098,5.098,5.098,5.098,5.098,5.098,5.098,5.098,5.098,5.098,5.098,5.098,5.098,5.098,5.098,5.098,5.098,5.098,5.098
Lebanon,4.839,2015,4.839,4.839,4.839,4.839,4.839,4.839,4.839,4.839,4.839,4.839,4.839,4.839,4.839,4.839,4.839,4.839,4.839,4.839,4.839,4.839,4.839,4.839,4.839,4.839
Lesotho,4.898,2015,4.898,4.898,4.898,4.898,4.898,4.898,4.898,4.898,4.898,4.898,4.898,4.898,4.898,4.898,4.898,4.898,4.898,4.898,4.898,4.898,4.898,4.898,4.898,4.898
Liberia,4.571,2015,4.571,4.571,4.571,4.571,4.571,4.571,4.571,4.571,4.571,4.571,4.571,4.571,4.571,4.571,4.571,4.571,4.571,4.571,4.571,4.571,4.571,4.571,4.571,4.571
Libya,5.754,2015,5.754,5.754,5.754,5.754,5.754,5.754,5.754,5.754,5.754,5.754,5.754,5.754,5.754,5.754,5.754,5.754,5.754,5.754,5.754,5.754,5.754,5.754,5.754,5.754
Lithuania,5.833,2015,5.833,5.833,5.833,5.833,5.833,5.833,5.833,5.833,5.833,5.833,5.833,5.833,5.833,5.833,5.833,5.833,5.833,5.833,5.833,5.833,5.833,5.833,5.833,5.833
Luxembourg,6.946,2015,6.946,6.946,6.946,6.946,6.946,6.946,6.946,6.946,6.946,6.946,6.946,6.946,6.946,6.946,6.946,6.946,6.946,6.946,6.946,6.946,6.946,6.946,6.946,6.946
Madagascar,3.681,2015,3.681,3.681,3.681,3.681,3.681,3.681,3.681,3.681,3.681,3.681,3.681,3.681,3.681,3.681,3.681,3.681,3.681,3.681,3.681,3.681,3.681,3.681,3.681,3.681
Malawi,4.292,2015,4.292,4.292,4.292,4.292,4.292,4.292,4.292,4.292,4.292,4.292,4.292,4.292,4.292,4.292,4.292,4.292,4.292,4.292,4.292,4.292,4.292,4.292,4.292,4.292
Malaysia,5.77,2015,5.77,5.77,5.77,5.77,5.77,5.77,5.77,5.77,5.77,5.77,5.77,5.77,5.77,5.77,5.77,5.77,5.77,5.77,5.77,5.77,5.77,5.77,5.77,5.77
Mali,3.995,2015,3.995,3.995,3.995,3.995,3.995,3.995,3.995,3.995,3.995,3.995,3.995,3.995,3.995,3.995,3.995,3.995,3.995,3.995,3.995,3.995,3.995,3.995,3.995,3.995
Malta,6.302,2015,6.302,6.302,6.302,6.302,6.302,6.302,6.302,6.302,6.302,6.302,6.302,6.302,6.302,6.302,6.302,6.302,6.302,6.302,6.302,6.302,6.302,6.302,6.302,6.302
Mauritania,4.436,2015,4.436,4.436,4.436,4.436,4.436,4.436,4.436,4.436,4.436,4.436,4.436,4.436,4.436,4.436,4.436,4.436,4.436,4.436,4.436,4.436,4.436,4.436,4.436,4.436
Mauritius,5.477,2015,5.477,5.477,5.477,5.477,5.477,5.477,5.477,5.477,5.477,5.477,5.477,5.477,5.477,5.477,5.477,5.477,5.477,5.477,5.477,5.477,5.477,5.477,5.477,5.477
Mexico,7.187,2015,7.187,7.187,7.187,7.187,7.187,7.187,7.187,7.187,7.187,7.187,7.187,7.187,7.187,7.187,7.187,7.187,7.187,7.187,7.187,7.187,7.187,7.187,7.187,7.187
Moldova,5.889,2015,5.889,5.889,5.889,5.889,5.889,5.889,5.889,5.889,5.889,5.889,5.889,5.889,5.889,5.889,5.889,5.889,5.889,5.889,5.889,5.889,5.889,5.889,5.889,5.889
Mongolia,4.874,2015,4.874,4.874,4.874,4.874,4.874,4.874,4.874,4.874,4.874,4.874,4.874,4.874,4.874,4.874,4.874,4.874,4.874,4.874,4.874,4.874,4.874,4.874,4.874,4.874
Montenegro,5.192,2015,5.192,5.192,5.192,5.192,5.192,5.192,5.192,5.192,5.192,5.192,5.192,5.192,5.192,5.192,5.192,5.192,5.192,5.192,5.192,5.192,5.192,5.192,5.192,5.192
Morocco,5.013,2015,5.013,5.013,5.013,5.013,5.013,5.013,5.013,5.013,5.013,5.013,5.013,5.013,5.013,5.013,5.013,5.013,5.013,5.013,5.013,5.013,5.013,5.013,5.013,5.013
Mozambique,4.971,2015,4.971,4.971,4.971,4.971,4.971,4.971,4.971,4.971,4.971,4.971,4.971,4.971,4.971,4.971,4.971,4.971,4.971,4.971,4.971,4.971,4.971,4.971,4.971,4.971
Myanmar,4.307,2015,4.307,4.307,4.307,4.307,4.307,4.307,4.307,4.307,4.307,4.307,4.307,4.307,4.307,4.307,4.307,4.307,4.307,4.307,4.307,4.307,4.307,4.307,4.307,4.307
Nepal,4.514,2015,4.514,4.514,4.514,4.514,4.514,4.514,4.514,4.514,4.514,4.514,4.514,4.514,4.514,4.514,4.514,4.514,4.514,4.514,4.514,4.514,4.514,4.514,4.514,4.514
Netherlands,7.378,2015,7.378,7.378,7.378,7.378,7.378,7.378,7.378,7.378,7.378,7.378,7.378,7.378,7.378,7.378,7.378,7.378,7.378,7.378,7.378,7.378,7.378,7.378,7.378,7.378
New Zealand,7.286,2015,7.286,7.286,7.286,7.286,7.286,7.286,7.286,7.286,7.286,7.286,7.286,7.286,7.286,7.286,7.286,7.286,7.286,7.286,7.286,7.286,7.286,7.286,7.286,7.286
Nicaragua,5.828,2015,5.828,5.828,5.828,5.828,5.828,5.828,5.828,5.828,5.828,5.828,5.828,5.828,5.828,5.828,5.828,5.828,5.828,5.828,5.828,5.828,5.828,5.828,5.828,5.828
Niger,3.845,2015,3.845,3.845,3.845,3.845,3.845,3.845,3.845,3.845,3.845,3.845,3.845,3.845,3.845,3.845,3.845,3.845,3.845,3.845,3.845,3.845,3.845,3.845,3.845,3.845
Nigeria,5.268,2015,5.268,5.268,5.268,5.268,5.268,5.268,5.268,5.268,5.268,5.268,5.268,5.268,5.268,5.268,5.268,5.268,5.268,5.268,5.268,5.268,5.268,5.268,5.268,5.268
Norway,7.522,2015,7.522,7.522,7.522,7.522,7.522,7.522,7.522,7.522,7.522,7.522,7.522,7.522,7.522,7.522,7.522,7.522,7.522,7.522,7.522,7.522,7.522,7.522,7.522,7.522
Oman,6.853,2015,6.853,6.853,6.853,6.853,6.853,6.853,6.853,6.853,6.853,6.853,6.853,6.853,6.853,6.853,6.853,6.853,6.853,6.853,6.853,6.853,6.853,6.853,6.853,6.853
Pakistan,5.194,2015,5.194,5.194,5.194,5.194,5.194,5.194,5.194,5.194,5.194,5.194,5.194,5.194,5.194,5.194,5.194,5.194,5.194,5.194,5.194,5.194,5.194,5.194,5.194,5.194
Panama,6.786,2015,6.786,6.786,6.786,6.786,6.786,6.786,6.786,6.786,6.786,6.786,6.786,6.786,6.786,6.786,6.786,6.786,6.786,6.786,6.786,6.786,6.786,6.786,6.786,6.786
Paraguay,5.878,2015,5.878,5.878,5.878,5.878,5.878,5.878,5.878,5.878,5.878,5.878,5.878,5.878,5.878,5.878,5.878,5.878,5.878,5.878,5.878,5.878,5.878,5.878,5.878,5.878
Peru,5.824,2015,5.824,5.824,5.824,5.824,5.824,5.824,5.824,5.824,5.824,5.824,5.824,5.824,5.824,5.824,5.824,5.824,5.824,5.824,5.824,5.824,5.824,5.824,5.824,5.824
Philippines,5.073,2015,5.073,5.073,5.073,5.073,5.073,5.073,5.073,5.073,5.073,5.073,5.073,5.073,5.073,5.073,5.073,5.073,5.073,5.073,5.073,5.073,5.073,5.073,5.073,5.073
Poland,5.791,2015,5.791,5.791,5.791,5.791,5.791,5.791,5.791,5.791,5.791,5.791,5.791,5.791,5.791,5.791,5.791,5.791,5.791,5.791,5.791,5.791,5.791,5.791,5.791,5.791
Portugal,5.102,2015,5.102,5.102,5.102,5.102,5.102,5.102,5.102,5.102,5.102,5.102,5.102,5.102,5.102,5.102,5.102,5.102,5.102,5.102,5.102,5.102,5.102,5.102,5.102,5.102
Qatar,6.611,2015,6.611,6.611,6.611,6.611,6.611,6.611,6.611,6.611,6.611,6.611,6.611,6.611,6.611,6.611,6.611,6.611,6.611,6.611,6.611,6.611,6.611,6.611,6.611,6.611
Romania,5.124,2015,5.124,5.124,5.124,5.124,5.124,5.124,5.124,5.124,5.124,5.124,5.124,5.124,5.124,5.124,5.124,5.124,5.124,5.124,5.124,5.124,5.124,5.124,5.124,5.124
Rwanda,3.465,2015,3.465,3.465,3.465,3.465,3.465,3.465,3.465,3.465,3.465,3.465,3.465,3.465,3.465,3.465,3.465,3.465,3.465,3.465,3.465,3.465,3.465,3.465,3.465,3.465
Saudi Arabia,6.411,2015,6.411,6.411,6.411,6.411,6.411,6.411,6.411,6.411,6.411,6.411,6.411,6.411,6.411,6.411,6.411,6.411,6.411,6.411,6.411,6.411,6.411,6.411,6.411,6.411
Senegal,3.904,2015,3.904,3.904,3.904,3.904,3.904,3.904,3.904,3.904,3.904,3.904,3.904,3.904,3.904,3.904,3.904,3.904,3.904,3.904,3.904,3.904,3.904,3.904,3.904,3.904
Serbia,5.123,2015,5.123,5.123,5.123,5.123,5.123,5.123,5.123,5.123,5.123,5.123,5.123,5.123,5.123,5.123,5.123,5.123,5.123,5.123,5.123,5.123,5.123,5.123,5.123,5.123
Sierra Leone,4.507,2015,4.507,4.507,4.507,4.507,4.507,4.507,4.507,4.507,4.507,4.507,4.507,4.507,4.507,4.507,4.507,4.507,4.507,4.507,4.507,4.507,4.507,4.507,4.507,4.507
Singapore,6.798,2015,6.798,6.798,6.798,6.798,6.798,6.798,6.798,6.798,6.798,6.798,6.798,6.798,6.798,6.798,6.798,6.798,6.798,6.798,6.798,6.798,6.798,6.798,6.798,6.798
Slovenia,5.848,2015,5.848,5.848,5.848,5.848,5.848,5.848,5.848,5.848,5.848,5.848,5.848,5.848,5.848,5.848,5.848,5.848,5.848,5.848,5.848,5.848,5.848,5.848,5.848,5.848
South Africa,4.642,2015,4.642,4.642,4.642,4.642,4.642,4.642,4.642,4.642,4.642,4.642,4.642,4.642,4.642,4.642,4.642,4.642,4.642,4.642,4.642,4.642,4.642,4.642,4.642,4.642
Spain,6.329,2015,6.329,6.329,6.329,6.329,6.329,6.329,6.329,6.329,6.329,6.329,6.329,6.329,6.329,6.329,6.329,6.329,6.329,6.329,6.329,6.329,6.329,6.329,6.329,6.329
Sri Lanka,4.271,2015,4.271,4.271,4.271,4.271,4.271,4.271,4.271,4.271,4.271,4.271,4.271,4.271,4.271,4.271,4.271,4.271,4.271,4.271,4.271,4.271,4.271,4.271,4.271,4.271
Sudan,4.55,2015,4.55,4.55,4.55,4.55,4.55,4.55,4.55,4.55,4.55,4.55,4.55,4.55,4.55,4.55,4.55,4.55,4.55,4.55,4.55,4.55,4.55,4.55,4.55,4.55
Suriname,6.269,2015,6.269,6.269,6.269,6.269,6.269,6.269,6.269,6.269,6.269,6.269,6.269,6.269,6.269,6.269,6.269,6.269,6.269,6.269,6.269,6.269,6.269,6.269,6.269,6.269
Sweden,7.364,2015,7.364,7.364,7.364,7.364,7.364,7.364,7.364,7.364,7.364,7.364,7.364,7.364,7.364,7.364,7.364,7.364,7.364,7.364,7.364,7.364,7.364,7.364,7.364,7.364
Switzerland,7.587,2015,7.587,7.587,7.587,7.587,7.587,7.587,7.587,7.587,7.587,7.587,7.587,7.587,7.587,7.587,7.587,7.587,7.587,7.587,7.587,7.587,7.587,7.587,7.587,7.587
Tajikistan,4.786,2015,4.786,4.786,4.786,4.786,4.786,4.786,4.786,4.786,4.786,4.786,4.786,4.786,4.786,4.786,4.786,4.786,4.786,4.786,4.786,4.786,4.786,4.786,4.786,4.786
Tanzania,3.781,2015,3.781,3.781,3.781,3.781,3.781,3.781,3.781,3.781,3.781,3.781,3.781,3.781,3.781,3.781,3.781,3.781,3.781,3.781,3.781,3.781,3.781,3.781,3.781,3.781
Thailand,6.455,2015,6.455,6.455,6.455,6.455,6.455,6.455,6.455,6.455,6.455,6.455,6.455,6.455,6.455,6.455,6.455,6.455,6.455,6.455,6.455,6.455,6.455,6.455,6.455,6.455
Togo,2.839,2015,2.839,2.839,2.839,2.839,2.839,2.839,2.839,2.839,2.839,2.839,2.839,2.839,2.839,2.839,2.839,2.839,2.839,2.839,2.839,2.839,2.839,2.839,2.839,2.839
Trinidad and Tobago,6.168,2015,6.168,6.168,6.168,6.168,6.168,6.168,6.168,6.168,6.168,6.168,6.168,6.168,6.168,6.168,6.168,6.168,6.168,6.168,6.168,6.168,6.168,6.168,6.168,6.168
Tunisia,4.739,2015,4.739,4.739,4.739,4.739,4.739,4.739,4.739,4.739,4.739,4.739,4.739,4.739,4.739,4.739,4.739,4.739,4.739,4.739,4.739,4.739,4.739,4.739,4.739,4.739
Turkey,5.332,2015,5.332,5.332,5.332,5.332,5.332,5.332,5.332,5.332,5.332,5.332,5.332,5.332,5.332,5.332,5.332,5.332,5.332,5.332,5.332,5.332,5.332,5.332,5.332,5.332
Turkmenistan,5.548,2015,5.548,5.548,5.548,5.548,5.548,5.548,5.548,5.548,5.548,5.548,5.548,5.548,5.548,5.548,5.548,5.548,5.548,5.548,5.548,5.548,5.548,5.548,5.548,5.548
Uganda,3.931,2015,3.931,3.931,3.931,3.931,3.931,3.931,3.931,3.931,3.931,3.931,3.931,3.931,3.931,3.931,3.931,3.931,3.931,3.931,3.931,3.931,3.931,3.931,3.931,3.931
Ukraine,4.681,2015,4.681,4.681,4.681,4.681,4.681,4.681,4.681,4.681,4.681,4.681,4.681,4.681,4.681,4.681,4.681,4.681,4.681,4.681,4.681,4.681,4.681,4.681,4.681,4.681
United Arab Emirates,6.901,2015,6.901,6.901,6.901,6.901,6.901,6.901,6.901,6.901,6.901,6.901,6.901,6.901,6.901,6.901,6.901,6.901,6.901,6.901,6.901,6.901,6.901,6.901,6.901,6.901
United Kingdom,6.867,2015,6.867,6.867,6.867,6.867,6.867,6.867,6.867,6.867,6.867,6.867,6.867,6.867,6.867,6.867,6.867,6.867,6.867,6.867,6.867,6.867,6.867,6.867,6.867,6.867
United States,7.119,2015,7.119,7.119,7.119,7.119,7.119,7.119,7.119,7.119,7.119,7.119,7.119,7.119,7.119,7.119,7.119,7.119,7.119,7.119,7.119,7.119,7.119,7.119,7.119,7.119
Uruguay,6.485,2015,6.485,6.485,6.485,6.485,6.485,6.485,6.485,6.485,6.485,6.485,6.485,6.485,6.485,6.485,6.485,6.485,6.485,6.485,6.485,6.485,6.485,6.485,6.485,6.485
Uzbekistan,6.003,2015,6.003,6.003,6.003,6.003,6.003,6.003,6.003,6.003,6.003,6.003,6.003,6.003,6.003,6.003,6.003,6.003,6.003,6.003,6.003,6.003,6.003,6.003,6.003,6.003
Vietnam,5.36,2015,5.36,5.36,5.36,5.36,5.36,5.36,5.36,5.36,5.36,5.36,5.36,5.36,5.36,5.36,5.36,5.36,5.36,5.36,5.36,5.36,5.36,5.36,5.36,5.36
Zambia,5.129,2015,5.129,5.129,5.129,5.129,5.129,5.129,5.129,5.129,5.129,5.129,5.129,5.129,5.129,5.129,5.129,5.129,5.129,5.129,5.129,5.129,5.129,5.129,5.129,5.129
Zimbabwe,4.61,2015,4.61,4.61,4.61,4.61,4.61,4.61,4.61,4.61,4.61,4.61,4.61,4.61,4.61,4.61,4.61,4.61,4.61,4.61,4.61,4.61,4.61,4.61,4.61,4.61
Afghanistan,3.575,2015,3.575,3.575,3.575,3.575,3.575,3.575,3.575,3.575,3.575,3.575,3.575,3.575,3.575,3.575,3.575,3.575,3.575,3.575,3.575,3.575,3.575,3.575,3.575,3.575
Albania,4.959,2015,4.959,4.959,4.959,4.959,4.959,4.959,4.959,4.959,4.959,4.959,4.959,4.959,4.959,4.959,4.959,4.959,4.959,4.959,4.959,4.959,4.959,4.959,4.959,4.959
Algeria,5.605,2015,5.605,5.605,5.605,5.605,5.605,5.605,5.605,5.605,5.605,5.605,5.605,5.605,5.605,5.605,5.605,5.605,5.605,5.605,5.605,5.605,5.605,5.605,5.605,5.605
Angola,4.033,2015,4.033,4.033,4.033,4.033,4.033,4.033,4.033,4.033,4.033,4.033,4.033,4.033,4.033,4.033,4.033,4.033,4.033,4.033,4.033,4.033,4.033,4.033,4.033,4.033
Argentina,6.574,2015,6.574,6.574,6.574,6.574,6.574,6.574,6.574,6.574,6.574,6.574,6.574,6.574,6.574,6.574,6.574,6.574,6.574,6.574,6.574,6.574,6.574,6.574,6.574,6.574
Armenia,4.35,2015,4.35,4.35,4.35,4.35,4.35,4.35,4.35,4.35,4.35,4.35,4.35,4.35,4.35,4.35,4.35,4.35,4.35,4.35,4.35,4.35,4.35,4.35,4.35,4.35
Australia,7.284,2015,7.284,7.284,7.284,7.284,7.284,7.284,7.284,7.284,7.284,7.284,7.284,7.284,7.284,7.284,7.284,7.284,7.284,7.284,7.284,7.284,7.284,7.284,7.284,7.284
Austria,7.2,2015,7.2,7.2,7.2,7.2,7.2,7.2,7.2,7.2,7.2,7.2,7.2,7.2,7.2,7.2,7.2,7.2,7.2,7.2,7.2,7.2,7.2,7.2,7.2,7.2
Azerbaijan,5.212,2015,5.212,5.212,5.212,5.212,5.212,5.212,5.212,5.212,5.212,5.212,5.212,5.212,5.212,5.212,5.212,5.212,5.212,5.212,5.212,5.212,5.212,5.212,5.212,5.212
Bahrain,5.96,2015,5.96,5.96,5.96,5.96,5.96,5.96,5.96,5.96,5.96,5.96,5.96,5.96,5.96,5.96,5.96,5.96,5.96,5.96,5.96,5.96,5.96,5.96,5.96,5.96
Bangladesh,4.694,2015,4.694,4.694,4.694,4.694,4.694,4.694,4.694,4.694,4.694,4.694,4.694,4.694,4.694,4.694,4.694,4.694,4.694,4.694,4.694,4.694,4.694,4.694,4.694,4.694
Belarus,5.813,2015,5.813,5.813,5.813,5.813,5.813,5.813,5.813,5.813,5.813,5.813,5.813,5.813,5.813,5.813,5.813,5.813,5.813,5.813,5.813,5.813,5.813,5.813,5.813,5.813
Belgium,6.937,2015,6.937,6.937,6.937,6.937,6.937,6.937,6.937,6.937,6.937,6.937,6.937,6.937,6.937,6.937,6.937,6.937,6.937,6.937,6.937,6.937,6.937,6.937,6.937,6.937
Benin,3.34,2015,3.34,3.34,3.34,3.34,3.34,3.34,3.34,3.34,3.34,3.34,3.34,3.34,3.34,3.34,3.34,3.34,3.34,3.34,3.34,3.34,3.34,3.34,3.34,3.34
Bhutan,5.253,2015,5.253,5.253,5.253,5.253,5.253,5.253,5.253,5.253,5.253,5.253,5.253,5.253,5.253,5.253,5.253,5.253,5.253,5.253,5.253,5.253,5.253,5.253,5.253,5.253
Bolivia,5.89,2015,5.89,5.89,5.89,5.89,5.89,5.89,5.89,5.89,5.89,5.89,5.89,5.89,5.89,5.89,5.89,5.89,5.89,5.89,5.89,5.89,5.89,5.89,5.89,5.89
Bosnia and Herzegovina,4.949,2015,4.949,4.949,4.949,4.949,4.949,4.949,4.949,4.949,4.949,4.949,4.949,4.949,4.949,4.949,4.949,4.949,4.949,4.949,4.949,4.949,4.949,4.949,4.949,4.949
Botswana,4.332,2015,4.332,4.332,4.332,4.332,4.332,4.332,4.332,4.332,4.332,4.332,4.332,4.332,4.332,4.332,4.332,4.332,4.332,4.332,4.332,4.332,4.332,4.332,4.332,4.332
Brazil,6.983,2015,6.983,6.983,6.983,6.983,6.983,6.983,6.983,6.983,6.983,6.983,6.983,6.983,6.983,6.983,6.983,6.983,6.983,6.983,6.983,6.983,6.983,6.983,6.983,6.983
Bulgaria,4.218,2015,4.218,4.218,4.218,4.218,4.218,4.218,4.218,4.218,4.218,4.218,4.218,4.218,4.218,4.218,4.218,4.218,4.218,4.218,4.218,4.218,4.218,4.218,4.218,4.218
Burkina Faso,3.587,2015,3.587,3.587,3.587,3.587,3.587,3.587,3.587,3.587,3.587,3.587,3.587,3.587,3.587,3.587,3.587,3.587,3.587,3.587,3.587,3.587,3.587,3.587,3.587,3.587
Burundi,2.905,2015,2.905,2.905,2.905,2.905,2.905,2.905,2.905,2.905,2.905,2.905,2.905,2.905,2.905,2.905,2.905,2.905,2.905,2.905,2.905,2.905,2.905,2.905,2.905,2.905
Cambodia,3.819,2015,3.819,3.819,3.819,3.819,3.819,3.819,3.819,3.819,3.819,3.819,3.819,3.819,3.819,3.819,3.819,3.819,3.819,3.819,3.819,3.819,3.819,3.819,3.819,3.819
Cameroon,4.252,2015,4.252,4.252,4.252,4.252,4.252,4.252,4.252,4.252,4.252,4.252,4.252,4.252,4.252,4.252,4.252,4.252,4.252,4.252,4.252,4.252,4.252,4.252,4.252,4.252
Canada,7.427,2015,7.427,7.427,7.427,7.427,7.427,7.427,7.427,7.427,7.427,7.427,7.427,7.427,7.427,7.427,7.427,7.427,7.427,7.427,7.427,7.427,7.427,7.427,7.427,7.427
Central African Republic,3.678,2015,3.678,3.678,3.678,3.678,3.678,3.678,3.678,3.678,3.678,3.678,3.678,3.678,3.678,3.678,3.678,3.678,3.678,3.678,3.678,3.678,3.678,3.678,3.678,3.678
Chad,3.667,2015,3.667,3.667,3.667,3.667,3.667,3.667,3.667,3.667,3.667,3.667,3.667,3.667,3.667,3.667,3.667,3.667,3.667,3.667,3.667,3.667,3.667,3.667,3.667,3.667
Chile,6.67,2015,6.67,6.67,6.67,6.67,6.67,6.67,6.67,6.67,6.67,6.67,6.67,6.67,6.67,6.67,6.67,6.67,6.67,6.67,6.67,6.67,6.67,6.67,6.67,6.67
China,5.14,2015,5.14,5.14,5.14,5.14,5.14,5.14,5.14,5.14,5.14,5.14,5.14,5.14,5.14,5.14,5.14,5.14,5.14,5.14,5.14,5.14,5.14,5.14,5.14,5.14
Colombia,6.477,2015,6.477,6.477,6.477,6.477,6.477,6.477,6.477,6.477,6.477,6.477,6.477,6.477,6.477,6.477,6.477,6.477,6.477,6.477,6.477,6.477,6.477,6.477,6.477,6.477
Comoros,3.956,2015,3.956,3.956,3.956,3.956,3.956,3.956,3.956,3.956,3.956,3.956,3.956,3.956,3.956,3.956,3.956,3.956,3.956,3.956,3.956,3.956,3.956,3.956,3.956,3.956
Costa Rica,7.226,2015,7.226,7.226,7.226,7.226,7.226,7.226,7.226,7.226,7.226,7.226,7.226,7.226,7.226,7.226,7.226,7.226,7.226,7.226,7.226,7.226,7.226,7.226,7.226,7.226
Croatia,5.759,2015,5.759,5.759,5.759,5.759,5.759,5.759,5.759,5.759,5.759,5.759,5.759,5.759,5.759,5.759,5.759,5.759,5.759,5.759,5.759,5.759,5.759,5.759,5.759,5.759
Cyprus,5.689,2015,5.689,5.689,5.689,5.689,5.689,5.689,5.689,5.689,5.689,5.689,5.689,5.689,5.689,5.689,5.689,5.689,5.689,5.689,5.689,5.689,5.689,5.689,5.689,5.689
Czech Republic,6.505,2015,6.505,6.505,6.505,6.505,6.505,6.505,6.505,6.505,6.505,6.505,6.505,6.505,6.505,6.505,6.505,6.505,6.505,6.505,6.505,6.505,6.505,6.505,6.505,6.505
Denmark,7.527,2015,7.527,7.527,7.527,7.527,7.527,7.527,7.527,7.527,7.527,7.527,7.527,7.527,7.527,7.527,7.527,7.527,7.527,7.527,7.527,7.527,7.527,7.527,7.527,7.527
Djibouti,4.369,2015,4.369,4.369,4.369,4.369,4.369,4.369,4.369,4.369,4.369,4.369,4.369,4.369,4.369,4.369,4.369,4.369,4.369,4.369,4.369,4.369,4.369,4.369,4.369,4.369
Dominican Republic,4.885,2015,4.885,4.885,4.885,4.885,4.885,4.885,4.885,4.885,4.885,4.885,4.885,4.885,4.885,4.885,4.885,4.885,4.885,4.885,4.885,4.885,4.885,4.885,4.885,4.885
Ecuador,5.975,2015,5.975,5.975,5.975,5.975,5.975,5.975,5.975,5.975,5.975,5.975,5.975,5.975,5.975,5.975,5.975,5.975,5.975,5.975,5.975,5.975,5.975,5.975,5.975,5.975
El Salvador,6.13,2015,6.13,6.13,6.13,6.13,6.13,6.13,6.13,6.13,6.13,6.13,6.13,6.13,6.13,6.13,6.13,6.13,6.13,6.13,6.13,6.13,6.13,6.13,6.13,6.13
Estonia,5.429,2015,5.429,5.429,5.429,5.429,5.429,5.429,5.429,5.429,5.429,5.429,5.429,5.429,5.429,5.429,5.429,5.429,5.429,5.429,5.429,5.429,5.429,5.429,5.429,5.429
Ethiopia,4.512,2015,4.512,4.512,4.512,4.512,4.512,4.512,4.512,4.512,4.512,4.512,4.512,4.512,4.512,4.512,4.512,4.512,4.512,4.512,4.512,4.512,4.512,4.512,4.512,4.512
Finland,7.406,2015,7.406,7.406,7.406,7.406,7.406,7.406,7.406,7.406,7.406,7.406,7.406,7.406,7.406,7.406,7.406,7.406,7.406,7.406,7.406,7.406,7.406,7.406,7.406,7.406
France,6.575,2015,6.575,6.575,6.575,6.575,6.575,6.575,6.575,6.575,6.575,6.575,6.575,6.575,6.575,6.575,6.575,6.575,6.575,6.575,6.575,6.575,6.575,6.575,6.575,6.575
Gabon,3.896,2015,3.896,3.896,3.896,3.896,3.896,3.896,3.896,3.896,3.896,3.896,3.896,3.896,3.896,3.896,3.896,3.896,3.896,3.896,3.896,3.896,3.896,3.896,3.896,3.896
Georgia,4.297,2015,4.297,4.297,4.297,4.297,4.297,4.297,4.297,4.297,4.297,4.297,4.297,4.297,4.297,4.297,4.297,4.297,4.297,4.297,4.297,4.297,4.297,4.297,4.297,4.297
Germany,6.75,2015,6.75,6.75,6.75,6.75,6.75,6.75,6.75,6.75,6.75,6.75,6.75,6.75,6.75,6.75,6.75,6.75,6.75,6.75,6.75,6.75,6.75,6.75,6.75,6.75
Ghana,4.633,2015,4.633,4.633,4.633,4.633,4.633,4.633,4.633,4.633,4.633,4.633,4.633,4.633,4.633,4.633,4.633,4.633,4.633,4.633,4.633,4.633,4.633,4.633,4.633,4.633
Greece,4.857,2015,4.857,4.857,4.857,4.857,4.857,4.857,4.857,4.857,4.857,4.857,4.857,4.857,4.857,4.857,4.857,4.857,4.857,4.857,4.857,4.857,4.857,4.857,4.857,4.857
Guatemala,6.123,2015,6.123,6.123,6.123,6.123,6.123,6.123,6.123,6.123,6.123,6.123,6.123,6.123,6.123,6.123,6.123,6.123,6.123,6.123,6.123,6.123,6.123,6.123,6.123,6.123
Guinea,3.656,2015,3.656,3.656,3.656,3.656,3.656,3.656,3.656,3.656,3.656,3.656,3.656,3.656,3.656,3.656,3.656,3.656,3.656,3.656,3.656,3.656,3.656,3.656,3.656,3.656
Haiti,4.518,2015,4.518,4.518,4.518,4.518,4.518,4.518,4.518,4.518,4.518,4.518,4.518,4.518,4.518,4.518,4.518,4.518,4.518,4.518,4.518,4.518,4.518,4.518,4.518,4.518
Honduras,4.788,2015,4.788,4.788,4.788,4.788,4.788,4.788,4.788,4.788,4.788,4.788,4.788,4.788,4.788,4.788,4.788,4.788,4.788,4.788,4.788,4.788,4.788,4.788,4.788,4.788
Hungary,4.8,2015,4.8,4.8,4.8,4.8,4.8,4.8,4.8,4.8,4.8,4.8,4.8,4.8,4.8,4.8,4.8,4.8,4.8,4.8,4.8,4.8,4.8,4.8,4.8,4.8
Iceland,7.561,2015,7.561,7.561,7.561,7.561,7.561,7.561,7.561,7.561,7.561,7.561,7.561,7.561,7.561,7.561,7.561,7.561,7.561,7.561,7.561,7.561,7.561,7.561,7.561,7.561
India,4.565,2015,4.565,4.565,4.565,4.565,4.565,4.565,4.565,4.565,4.565,4.565,4.565,4.565,4.565,4.565,4.565,4.565,4.565,4.565,4.565,4.565,4.565,4.565,4.565,4.565
Indonesia,5.399,2015,5.399,5.399,5.399,5.399,5.399,5.399,5.399,5.399,5.399,5.399,5.399,5.399,5.399,5.399,5.399,5.399,5.399,5.399,5.399,5.399,5.399,5.399,5.399,5.399
Iraq,4.677,2015,4.677,4.677,4.677,4.677,4.677,4.677,4.677,4.677,4.677,4.677,4.677,4.677,4.677,4.677,4.677,4.677,4.677,4.677,4.677,4.677,4.677,4.677,4.677,4.677
Ireland,6.94,2015,6.94,6.94,6.94,6.94,6.94,6.94,6.94,6.94,6.94,6.94,6.94,6.94,6.94,6.94,6.94,6.94,6.94,6.94,6.94,6.94,6.94,6.94,6.94,6.94
Israel,7.278,2015,7.278,7.278,7.278,7.278,7.278,7.278,7.278,7.278,7.278,7.278,7.278,7.278,7.278,7.278,7.278,7.278,7.278,7.278,7.278,7.278,7.278,7.278,7.278,7.278
Italy,5.948,2015,5.948,5.948,5.948,5.948,5.948,5.948,5.948,5.948,5.948,5.948,5.948,5.948,5.948,5.948,5.948,5.948,5.948,5.948,5.948,5.948,5.948,5.948,5.948,5.948
Jamaica,5.709,2015,5.709,5.709,5.709,5.709,5.709,5.709,5.709,5.709,5.709,5.709,5.709,5.709,5.709,5.709,5.709,5.709,5.709,5.709,5.709,5.709,5.709,5.709,5.709,5.709
Japan,5.987,2015,5.987,5.987,5.987,5.987,5.987,5.987,5.987,5.987,5.987,5.987,5.987,5.987,5.987,5.987,5.987,5.987,5.987,5.987,5.987,5.987,5.987,5.987,5.987,5.987
Jordan,5.192,2015,5.192,5.192,5.192,5.192,5.192,5.192,5.192,5.192,5.192,5.192,5.192,5.192,5.192,5.192,5.192,5.192,5.192,5.192,5.192,5.192,5.192,5.192,5.192,5.192
Kazakhstan,5.855,2015,5.855,5.855,5.855,5.855,5.855,5.855,5.855,5.855,5.855,5.855,5.855,5.855,5.855,5.855,5.855,5.855,5.855,5.855,5.855,5.855,5.855,5.855,5.855,5.855
Kenya,4.419,2015,4.419,4.419,4.419,4.419,4.419,4.419,4.419,4.419,4.419,4.419,4.419,4.419,4.419,4.419,4.419,4.419,4.419,4.419,4.419,4.419,4.419,4.419,4.419,4.419
Kosovo,5.589,2015,5.589,5.589,5.589,5.589,5.589,5.589,5.589,5.589,5.589,5.589,5.589,5.589,5.589,5.589,5.589,5.589,5.589,5.589,5.589,5.589,5.589,5.589,5.589,5.589
Kuwait,6.295,2015,6.295,6.295,6.295,6.295,6.295,6.295,6.295,6.295,6.295,6.295,6.295,6.295,6.295,6.295,6.295,6.295,6.295,6.295,6.295,6.295,6.295,6.295,6.295,6.295
Latvia,5.098,2015,5.098,5.098,5.098,5.098,5.098,5.098,5.098,5.098,5.098,5.098,5.098,5.098,5.098,5.098,5.098,5.098,5.098,5.098,5.098,5.098,5.098,5.098,5.098,5.098
Lebanon,4.839,2015,4.839,4.839,4.839,4.839,4.839,4.839,4.839,4.839,4.839,4.839,4.839,4.839,4.839,4.839,4.839,4.839,4.839,4.839,4.839,4.839,4.839,4.839,4.839,4.839
Lesotho,4.898,2015,4.898,4.898,4.898,4.898,4.898,4.898,4.898,4.898,4.898,4.898,4.898,4.898,4.898,4.898,4.898,4.898,4.898,4.898,4.898,4.898,4.898,4.898,4.898,4.898
Liberia,4.571,2015,4.571,4.571,4.571,4.571,4.571,4.571,4.571,4.571,4.571,4.571,4.571,4.571,4.571,4.571,4.571,4.571,4.571,4.571,4.571,4.571,4.571,4.571,4.571,4.571
Libya,5.754,2015,5.754,5.754,5.754,5.754,5.754,5.754,5.754,5.754,5.754,5.754,5.754,5.754,5.754,5.754,5.754,5.754,5.754,5.754,5.754,5.754,5.754,5.754,5.754,5.754
Lithuania,5.833,2015,5.833,5.833,5.833,5.833,5.833,5.833,5.833,5.833,5.833,5.833,5.833,5.833,5.833,5.833,5.833,5.833,5.833,5.833,5.833,5.833,5.833,5.833,5.833,5.833
Luxembourg,6.946,2015,6.946,6.946,6.946,6.946,6.946,6.946,6.946,6.946,6.946,6.946,6.946,6.946,6.946,6.946,6.946,6.946,6.946,6.946,6.946,6.946,6.946,6.946,6.946,6.946
Madagascar,3.681,2015,3.681,3.681,3.681,3.681,3.681,3.681,3.681,3.681,3.681,3.681,3.681,3.681,3.681,3.681,3.681,3.681,3.681,3.681,3.681,3.681,3.681,3.681,3.681,3.681
Malawi,4.292,2015,4.292,4.292,4.292,4.292,4.292,4.292,4.292,4.292,4.292,4.292,4.292,4.292,4.292,4.292,4.292,4.292,4.292,4.292,4.292,4.292,4.292,4.292,4.292,4.292
Malaysia,5.77,2015,5.77,5.77,5.77,5.77,5.77,5.77,5.77,5.77,5.77,5.77,5.77,5.77,5.77,5.77,5.77,5.77,5.77,5.77,5.77,5.77,5.77,5.77,5.77,5.77
Mali,3.995,2015,3.995,3.995,3.995,3.995,3.995,3.995,3.995,3.995,3.995,3.995,3.995,3.995,3.995,3.995,3.995,3.995,3.995,3.995,3.995,3.995,3.995,3.995,3.995,3.995
Malta,6.302,2015,6.302,6.302,6.302,6.302,6.302,6.302,6.302,6.302,6.302,6.302,6.302,6.302,6.302,6.302,6.302,6.302,6.302,6.302,6.302,6.302,6.302,6.302,6.302,6.302
Mauritania,4.436,2015,4.436,4.436,4.436,4.436,4.436,4.436,4.436,4.436,4.436,4.436,4.436,4.436,4.436,4.436,4.436,4.436,4.436,4.436,4.436,4.436,4.436,4.436,4.436,4.436
Mauritius,5.477,2015,5.477,5.477,5.477,5.477,5.477,5.477,5.477,5.477,5.477,5.477,5.477,5.477,5.477,5.477,5.477,5.477,5.477,5.477,5.477,5.477,5.477,5.477,5.477,5.477
Mexico,7.187,2015,7.187,7.187,7.187,7.187,7.187,7.187,7.187,7.187,7.187,7.187,7.187,7.187,7.187,7.187,7.187,7.187,7.187,7.187,7.187,7.187,7.187,7.187,7.187,7.187
Moldova,5.889,2015,5.889,5.889,5.889,5.889,5.889,5.889,5.889,5.889,5.889,5.889,5.889,5.889,5.889,5.889,5.889,5.889,5.889,5.889,5.889,5.889,5.889,5.889,5.889,5.889
Mongolia,4.874,2015,4.874,4.874,4.874,4.874,4.874,4.874,4.874,4.874,4.874,4.874,4.874,4.874,4.874,4.874,4.874,4.874,4.874,4.874,4.874,4.874,4.874,4.874,4.874,4.874
Montenegro,5.192,2015,5.192,5.192,5.192,5.192,5.192,5.192,5.192,5.192,5.192,5.192,5.192,5.192,5.192,5.192,5.192,5.192,5.192,5.192,5.192,5.192,5.192,5.192,5.192,5.192
Morocco,5.013,2015,5.013,5.013,5.013,5.013,5.013,5.013,5.013,5.013,5.013,5.013,5.013,5.013,5.013,5.013,5.013,5.013,5.013,5.013,5.013,5.013,5.013,5.013,5.013,5.013
Mozambique,4.971,2015,4.971,4.971,4.971,4.971,4.971,4.971,4.971,4.971,4.971,4.971,4.971,4.971,4.971,4.971,4.971,4.971,4.971,4.971,4.971,4.971,4.971,4.971,4.971,4.971
Myanmar,4.307,2015,4.307,4.307,4.307,4.307,4.307,4.307,4.307,4.307,4.307,4.307,4.307,4.307,4.307,4.307,4.307,4.307,4.307,4.307,4.307,4.307,4.307,4.307,4.307,4.307
Nepal,4.514,2015,4.514,4.514,4.514,4.514,4.514,4.514,4.514,4.514,4.514,4.514,4.514,4.514,4.514,4.514,4.514,4.514,4.514,4.514,4.514,4.514,4.514,4.514,4.514,4.514
Netherlands,7.378,2015,7.378,7.378,7.378,7.378,7.378,7.378,7.378,7.378,7.378,7.378,7.378,7.378,7.378,7.378,7.378,7.378,7.378,7.378,7.378,7.378,7.378,7.378,7.378,7.378
New Zealand,7.286,2015,7.286,7.286,7.286,7.286,7.286,7.286,7.286,7.286,7.286,7.286,7.286,7.286,7.286,7.286,7.286,7.286,7.286,7.286,7.286,7.286,7.286,7.286,7.286,7.286
Nicaragua,5.828,2015,5.828,5.828,5.828,5.828,5.828,5.828,5.828,5.828,5.828,5.828,5.828,5.828,5.828,5.828,5.828,5.828,5.828,5.828,5.828,5.828,5.828,5.828,5.828,5.828
Niger,3.845,2015,3.845,3.845,3.845,3.845,3.845,3.845,3.845,3.845,3.845,3.845,3.845,3.845,3.845,3.845,3.845,3.845,3.845,3.845,3.845,3.845,3.845,3.845,3.845,3.845
Nigeria,5.268,2015,5.268,5.268,5.268,5.268,5.268,5.268,5.268,5.268,5.268,5.268,5.268,5.268,5.268,5.268,5.268,5.268,5.268,5.268,5.268,5.268,5.268,5.268,5.268,5.268
Norway,7.522,2015,7.522,7.522,7.522,7.522,7.522,7.522,7.522,7.522,7.522,7.522,7.522,7.522,7.522,7.522,7.522,7.522,7.522,7.522,7.522,7.522,7.522,7.522,7.522,7.522
Oman,6.853,2015,6.853,6.853,6.853,6.853,6.853,6.853,6.853,6.853,6.853,6.853,6.853,6.853,6.853,6.853,6.853,6.853,6.853,6.853,6.853,6.853,6.853,6.853,6.853,6.853
Pakistan,5.194,2015,5.194,5.194,5.194,5.194,5.194,5.194,5.194,5.194,5.194,5.194,5.194,5.194,5.194,5.194,5.194,5.194,5.194,5.194,5.194,5.194,5.194,5.194,5.194,5.194
Panama,6.786,2015,6.786,6.786,6.786,6.786,6.786,6.786,6.786,6.786,6.786,6.786,6.786,6.786,6.786,6.786,6.786,6.786,6.786,6.786,6.786,6.786,6.786,6.786,6.786,6.786
Paraguay,5.878,2015,5.878,5.878,5.878,5.878,5.878,5.878,5.878,5.878,5.878,5.878,5.878,5.878,5.878,5.878,5.878,5.878,5.878,5.878,5.878,5.878,5.878,5.878,5.878,5.878
Peru,5.824,2015,5.824,5.824,5.824,5.824,5.824,5.824,5.824,5.824,5.824,5.824,5.824,5.824,5.824,5.824,5.824,5.824,5.824,5.824,5.824,5.824,5.824,5.824,5.824,5.824
Philippines,5.073,2015,5.073,5.073,5.073,5.073,5.073,5.073,5.073,5.073,5.073,5.073,5.073,5.073,5.073,5.073,5.073,5.073,5.073,5.073,5.073,5.073,5.073,5.073,5.073,5.073
Poland,5.791,2015,5.791,5.791,5.791,5.791,5.791,5.791,5.791,5.791,5.791,5.791,5.791,5.791,5.791,5.791,5.791,5.791,5.791,5.791,5.791,5.791,5.791,5.791,5.791,5.791
Portugal,5.102,2015,5.102,5.102,5.102,5.102,5.102,5.102,5.102,5.102,5.102,5.102,5.102,5.102,5.102,5.102,5.102,5.102,5.102,5.102,5.102,5.102,5.102,5.102,5.102,5.102
Qatar,6.611,2015,6.611,6.611,6.611,6.611,6.611,6.611,6.611,6.611,6.611,6.611,6.611,6.611,6.611,6.611,6.611,6.611,6.611,6.611,6.611,6.611,6.611,6.611,6.611,6.611
Romania,5.124,2015,5.124,5.124,5.124,5.124,5.124,5.124,5.124,5.124,5.124,5.124,5.124,5.124,5.124,5.124,5.124,5.124,5.124,5.124,5.124,5.124,5.124,5.124,5.124,5.124
Rwanda,3.465,2015,3.465,3.465,3.465,3.465,3.465,3.465,3.465,3.465,3.465,3.465,3.465,3.465,3.465,3.465,3.465,3.465,3.465,3.465,3.465,3.465,3.465,3.465,3.465,3.465
Saudi Arabia,6.411,2015,6.411,6.411,6.411,6.411,6.411,6.411,6.411,6.411,6.411,6.411,6.411,6.411,6.411,6.411,6.411,6.411,6.411,6.411,6.411,6.411,6.411,6.411,6.411,6.411
Senegal,3.904,2015,3.904,3.904,3.904,3.904,3.904,3.904,3.904,3.904,3.904,3.904,3.904,3.904,3.904,3.904,3.904,3.904,3.904,3.904,3.904,3.904,3.904,3.904,3.904,3.904
Serbia,5.123,2015,5.123,5.123,5.123,5.123,5.123,5.123,5.123,5.123,5.123,5.123,5.123,5.123,5.123,5.123,5.123,5.123,5.123,5.123,5.123,5.123,5.123,5.123,5.123,5.123
Sierra Leone,4.507,2015,4.507,4.507,4.507,4.507,4.507,4.507,4.507,4.507,4.507,4.507,4.507,4.507,4.507,4.507,4.507,4.507,4.507,4.507,4.507,4.507,4.507,4.507,4.507,4.507
Singapore,6.798,2015,6.798,6.798,6.798,6.798,6.798,6.798,6.798,6.798,6.798,6.798,6.798,6.798,6.798,6.798,6.798,6.798,6.798,6.798,6.798,6.798,6.798,6.798,6.798,6.798
Slovenia,5.848,2015,5.848,5.848,5.848,5.848,5.848,5.848,5.848,5.848,5.848,5.848,5.848,5.848,5.848,5.848,5.848,5.848,5.848,5.848,5.848,5.848,5.848,5.848,5.848,5.848
South Africa,4.642,2015,4.642,4.642,4.642,4.642,4.642,4.642,4.642,4.642,4.642,4.642,4.642,4.642,4.642,4.642,4.642,4.642,4.642,4.642,4.642,4.642,4.642,4.642,4.642,4.642
Spain,6.329,2015,6.329,6.329,6.329,6.329,6.329,6.329,6.329,6.329,6.329,6.329,6.329,6.329,6.329,6.329,6.329,6.329,6.329,6.329,6.329,6.329,6.329,6.329,6.329,6.329
Sri Lanka,4.271,2015,4.271,4.271,4.271,4.271,4.271,4.271,4.271,4.271,4.271,4.271,4.271,4.271,4.271,4.271,4.271,4.271,4.271,4.271,4.271,4.271,4.271,4.271,4.271,4.271
Sudan,4.55,2015,4.55,4.55,4.55,4.55,4.55,4.55,4.55,4.55,4.55,4.55,4.55,4.55,4.55,4.55,4.55,4.55,4.55,4.55,4.55,4.55,4.55,4.55,4.55,4.55
Suriname,6.269,2015,6.269,6.269,6.269,6.269,6.269,6.269,6.269,6.269,6.269,6.269,6.269,6.269,6.269,6.269,6.269,6.269,6.269,6.269,6.269,6.269,6.269,6.269,6.269,6.269
Sweden,7.364,2015,7.364,7.364,7.364,7.364,7.364,7.364,7.364,7.364,7.364,7.364,7.364,7.364,7.364,7.364,7.364,7.364,7.364,7.364,7.364,7.364,7.364,7.364,7.364,7.364
Switzerland,7.587,2015,7.587,7.587,7.587,7.587,7.587,7.587,7.587,7.587,7.587,7.587,7.587,7.587,7.587,7.587,7.587,7.587,7.587,7.587,7.587,7.587,7.587,7.587,7.587,7.587
Tajikistan,4.786,2015,4.786,4.786,4.786,4.786,4.786,4.786,4.786,4.786,4.786,4.786,4.786,4.786,4.786,4.786,4.786,4.786,4.786,4.786,4.786,4.786,4.786,4.786,4.786,4.786
Tanzania,3.781,2015,3.781,3.781,3.781,3.781,3.781,3.781,3.781,3.781,3.781,3.781,3.781,3.781,3.781,3.781,3.781,3.781,3.781,3.781,3.781,3.781,3.781,3.781,3.781,3.781
Thailand,6.455,2015,6.455,6.455,6.455,6.455,6.455,6.455,6.455,6.455,6.455,6.455,6.455,6.455,6.455,6.455,6.455,6.455,6.455,6.455,6.455,6.455,6.455,6.455,6.455,6.455
Togo,2.839,2015,2.839,2.839,2.839,2.839,2.839,2.839,2.839,2.839,2.839,2.839,2.839,2.839,2.839,2.839,2.839,2.839,2.839,2.839,2.839,2.839,2.839,2.839,2.839,2.839
Trinidad and Tobago,6.168,2015,6.168,6.168,6.168,6.168,6.168,6.168,6.168,6.168,6.168,6.168,6.168,6.168,6.168,6.168,6.168,6.168,6.168,6.168,6.168,6.168,6.168,6.168,6.168,6.168
Tunisia,4.739,2015,4.739,4.739,4.739,4.739,4.739,4.739,4.739,4.739,4.739,4.739,4.739,4.739,4.739,4.739,4.739,4.739,4.739,4.739,4.739,4.739,4.739,4.739,4.739,4.739
Turkey,5.332,2015,5.332,5.332,5.332,5.332,5.332,5.332,5.332,5.332,5.332,5.332,5.332,5.332,5.332,5.332,5.332,5.332,5.332,5.332,5.332,5.332,5.332,5.332,5.332,5.332
Turkmenistan,5.548,2015,5.548,5.548,5.548,5.548,5.548,5.548,5.548,5.548,5.548,5.548,5.548,5.548,5.548,5.548,5.548,5.548,5.548,5.548,5.548,5.548,5.548,5.548,5.548,5.548
Uganda,3.931,2015,3.931,3.931,3.931,3.931,3.931,3.931,3.931,3.931,3.931,3.931,3.931,3.931,3.931,3.931,3.931,3.931,3.931,3.931,3.931,3.931,3.931,3.931,3.931,3.931
Ukraine,4.681,2015,4.681,4.681,4.681,4.681,4.681,4.681,4.681,4.681,4.681,4.681,4.681,4.681,4.681,4.681,4.681,4.681,4.681,4.681,4.681,4.681,4.681,4.681,4.681,4.681
United Arab Emirates,6.901,2015,6.901,6.901,6.901,6.901,6.901,6.901,6.901,6.901,6.901,6.901,6.901,6.901,6.901,6.901,6.901,6.901,6.901,6.901,6.901,6.901,6.901,6.901,6.901,6.901
United Kingdom,6.867,2015,6.867,6.867,6.867,6.867,6.867,6.867,6.867,6.867,6.867,6.867,6.867,6.867,6.867,6.867,6.867,6.867,6.867,6.867,6.867,6.867,6.867,6.867,6.867,6.867
United States,7.119,2015,7.119,7.119,7.119,7.119,7.119,7.119,7.119,7.119,7.119,7.119,7.119,7.119,7.119,7.119,7.119,7.119,7.119,7.119,7.119,7.119,7.119,7.119,7.119,7.119
Uruguay,6.485,2015,6.485,6.485,6.485,6.485,6.485,6.485,6.485,6.485,6.485,6.485,6.485,6.485,6.485,6.485,6.485,6.485,6.485,6.485,6.485,6.485,6.485,6.485,6.485,6.485
Uzbekistan,6.003,2015,6.003,6.003,6.003,6.003,6.003,6.003,6.003,6.003,6.003,6.003,6.003,6.003,6.003,6.003,6.003,6.003,6.003,6.003,6.003,6.003,6.003,6.003,6.003,6.003
Vietnam,5.36,2015,5.36,5.36,5.36,5.36,5.36,5.36,5.36,5.36,5.36,5.36,5.36,5.36,5.36,5.36,5.36,5.36,5.36,5.36,5.36,5.36,5.36,5.36,5.36,5.36
Zambia,5.129,2015,5.129,5.129,5.129,5.129,5.129,5.129,5.129,5.129,5.129,5.129,5.129,5.129,5.129,5.129,5.129,5.129,5.129,5.129,5.129,5.129,5.129,5.129,5.129,5.129
Zimbabwe,4.61,2015,4.61,4.61,4.61,4.61,4.61,4.61,4.61,4.61,4.61,4.61,4.61,4.61,4.61,4.61,4.61,4.61,4.61,4.61,4.61,4.61,4.61,4.61,4.61,4.61
