ï»¿Country Name,Year,EG.ELC.ACCS.ZS,SE.PRM.TENR,NY.ADJ.NNTY.KD.ZG,NY.ADJ.NNTY.PC.KD.ZG,NY.ADJ.AEDU.GN.ZS,NY.ADJ.ICTR.GN.ZS,SP.POP.DPND,SP.DYN.CBRT.IN,per_si_allsi.cov_q1_tot,per_si_allsi.cov_q5_tot,per_allsp.cov_pop_tot,per_sa_allsa.cov_pop_tot,SP.DYN.CDRT.IN,SE.XPD.PRIM.ZS,SE.XPD.SECO.ZS,GC.XPN.TOTL.GD.ZS,SH.XPD.EHEX.CH.ZS,NY.GDP.MKTP.CD,NY.GDP.MKTP.KD.ZG,NY.GDS.TOTL.ZS,SE.ADT.1524.LT.ZS,NV.IND.MANF.KD.ZG,SH.DYN.NMRT,SH.DYN.MORT,SP.POP.TOTL,SE.SEC.ENRL.TC.ZS,SE.PRM.ENRL.TC.ZS,EG.FEC.RNEW.ZS,AG.SRF.TOTL.K2,GC.TAX.TOTL.GD.ZS,NE.TRD.GNFS.ZS,SL.UEM.TOTL.NE.ZS,FP.WPI.TOTL
Afghanistan,2016,84.1371383666992,..,..,..,2.64374189312687,-10.87939183,86.5709321507136,33.214,..,..,..,..,6.747,43.30205,21.83389,..,..,19046357714.4928,2.2603142045464,4.95403313645523,..,1.08793953115092,40.3,70.4,34656032,42.68464,..,..,652860,..,47.6590554256105,..,..
Albania,2016,100,95.65855,3.19661056052152,3.361733691385,3.22728502181027,16.6463675,44.0015401014685,11.816,..,..,..,..,7.379,..,25.36938,23.9117146844842,..,11883682170.8236,3.35000000000005,7.45507035751882,..,4.29999999999986,6,9.1,2876101,12.22137,18.19844,..,28750,17.5571777277223,74.669259671744,..,..
Algeria,2016,99.439567565918,99.23121,-4.13398193588279,-5.8681049935129,4.4671956,35.52823676,53.9078874261101,23.132,..,..,..,..,4.765,..,..,..,..,160129866569.935,3.29999999975597,36.634345612344,..,6.02719147163479,15.2,24.5,40606052,..,24.2355,..,2381740,..,55.8922435232785,10.2024002075195,..
American Samoa,2016,..,..,..,..,11.760709,..,..,..,..,..,..,..,..,..,..,..,..,653000000,-2.61941448382126,..,..,..,..,..,55599,..,..,..,200,..,162.480857580398,..,..
Andorra,2016,100,..,..,..,2.44,..,..,8.8,..,..,..,..,4.3,21.50379,23.97025,..,..,2877311946.90265,1.8891243866394,..,..,..,1.5,3.4,77281,7.94434,10.06635,..,470,..,..,..,..
Angola,2016,40.5206069946289,..,2.61501393452414,-0.783082867159763,3.57,3.061930884,97.2742116775173,41.819,..,..,..,..,8.513,..,..,17.5116635350998,..,101123851090.473,-2.58009724295775,30.0935222813957,..,11.6381105550182,29.9,84.6,28813463,26.76619,..,..,1246700,9.73251223441435,53.3701552785783,..,..
Antigua and Barbuda,2016,97.3546676635742,..,..,..,2.25,..,44.8183369909778,16.225,..,..,..,..,5.788,..,..,..,..,1464630213.33333,5.58973913496703,..,..,6.31662784567177,4,7.7,100963,..,..,..,440,..,88.4585435805627,..,..
Argentina,2016,100,99.34152,-2.17217102244308,-3.13079491756399,5.05731390486252,13.96123633,56.5422464275751,17.172,..,..,..,..,7.564,30.07402,40.93612,26.3059150177128,..,554860945013.62,-1.82254217028903,16.0727734450585,99.5027099999999,-5.19941824629092,6.3,10.9,43847430,..,..,..,2780400,12.1555053704666,26.1219138061676,..,..
Armenia,2016,100,92.32759,-2.18266795532173,-2.44573788309273,2.70019284717504,15.86417449,44.8949433189816,13.456,..,..,..,..,9.688,20.66574,51.07427,25.7115181584805,..,10546135160.031,0.200000000000003,9.24953133265322,..,11.1000000000001,7,13.3,2924816,..,..,..,29740,21.2773752756378,75.9178800280663,..,..
Aruba,2016,95.5701446533203,..,..,..,5.77,..,44.6079986756246,10.974,..,..,..,..,8.762,..,..,..,..,2646927374.30168,-0.211225105612556,17.2224567327986,..,..,..,..,104822,..,..,..,180,..,144.470240607851,..,..
Australia,2016,100,96.783,0.536792689715497,-0.958232065058894,4.91726265807917,21.90645589,51.8630483195639,12.5,..,..,..,..,6.5,..,..,26.9626368700003,..,1208039015868.39,2.82731051096303,23.0301324894373,..,-2.36202148702634,2.2,3.7,24210809,..,..,..,7741220,22.2892931084765,40.7714731948103,5.71080017089844,..
Austria,2016,100,..,2.11329626330425,1.01499604901589,5.21872049640607,26.02587354,49.5298368459148,10,..,..,..,..,9.2,..,..,45.57307207773,..,390799991147.468,1.45091543821485,27.2942147358658,..,1.29132987519694,2.2,3.6,8736668,9.41777,10.30374,..,83879.00390625,25.6665724682797,101.167012721198,6.01380014419556,..
Azerbaijan,2016,100,94.96529,..,..,2.60701541831002,22.8174167,40.8816025988089,16.3,..,..,..,..,5.8,..,72.42741,..,..,37867518957.1975,-3.10000020204575,28.4594837915307,99.9404799999999,-1.59949737759598,12.6,24.6,9757812,7.12627,15.48619,..,86600,..,90.0773187345677,5,..
"Bahamas, The",2016,100,88.36775,-2.9653089757352,-4.0551237975305,3.8356,18.08091501,41.1263937436197,14.271,..,..,..,..,6.349,..,..,16.898629928709,..,11838800000,-1.68954985564559,23.6848329222557,..,42.037037037037,4.2,7.6,391232,11.75808,19.02855,..,13880,14.1588252187722,73.4863330742981,12.6999998092651,..
Bahrain,2016,100,97.90026,1.93493394314071,-1.87847717602499,2.91,..,29.2565420904034,14.762,..,..,..,..,2.359,..,..,..,..,32152686170.2128,3.21593363864166,37.8715752050762,..,5.20937806043584,3.2,7.5,1425171,9.79181,12.05837,..,778.000030517578,..,139.553543142304,..,..
Bangladesh,2016,75.92,..,6.53161819008467,5.3870931904878,1.6533660805408,35.09996818,51.4654234704502,18.95,..,..,..,..,5.284,..,64.32827,9.41891628073041,..,221415188000.475,7.1134894741232,24.9777492623627,92.24265,11.6908152010428,19.5,34.3,162951560,36.192,..,..,147630,8.76502765162342,37.9542963529911,4.34999990463257,..
Barbados,2016,100,92.97517,..,..,6.61968009125463,..,50.9632650899171,11.905,..,..,..,..,10.744,29.6064,39.30671,..,..,4529050000,2.00716845878139,2.98186153829169,..,-1.35440180586906,8.3,12.8,284996,18.63678,13.349,..,430,..,82.619975491549,9.72000026702881,..
Belarus,2016,100,96.42555,-15.6865277901561,-15.7922841829446,4.92641553030256,22.80594633,44.966823973522,12.4,..,..,..,..,12.6,..,..,29.4170537971155,..,47749057078.1996,-2.52644643552361,29.837070427282,..,-0.0500183075992169,1.6,3.9,9501534,8.29763,18.33759,..,207600,13.7882356123814,125.209322899662,5.84000015258789,..
Belgium,2016,100,98.66219,2.36894664004545,1.85196251039048,6.22215991049321,23.85386431,54.7983939052332,10.8,..,..,..,..,9.5,..,..,41.445087224873,..,467545548764.571,1.41229201545339,25.2824374889987,..,0.349411429841282,2.1,3.9,11331422,9.14736,11.30569,..,30530,23.1360261343397,164.544702629143,7.82969999313354,..
Belize,2016,92.2143173217773,99.17624,-3.83527420673482,-5.84424205537846,6.39,..,55.6604734029015,22.534,..,..,..,..,5.483,33.03149,41.67663,..,..,1806646250,-0.588023649731511,10.3467903581014,..,-7.53825238235709,9.2,14.9,366954,18.40628,20.50666,..,22970,..,112.219874255959,7.90999984741211,..
Benin,2016,41.4026145935059,..,-0.265888922338604,-2.98433950945649,4.01059221652252,21.0817539,85.5341905465139,37.026,..,..,..,..,9.172,..,..,..,..,8573159696.61128,3.96485991037314,10.6857552054955,..,4.62812560573755,33.1,101,10872298,10.99168,41.63992,..,114760,..,61.0906566522829,..,..
Bermuda,2016,100,..,..,..,2.1,..,..,9.6,..,..,..,..,8,..,..,..,..,..,..,..,..,..,..,..,65341,..,..,..,4290,..,..,..,..
Bhutan,2016,100,82.99547,6.41324200759752,5.0287954114234,6.94566347354485,33.19712117,46.4630145386249,18.165,..,..,..,..,6.022,..,..,16.5699350017814,..,2219675780.89539,8.02210122067797,32.5888661201362,..,2.42309729495487,17.6,32,797765,11.41873,38.03778,..,38393.9990234375,13.1221363901926,77.6897625358544,..,..
Bolivia,2016,93.0391311645508,90.8799499999999,3.75550667144947,2.20051991533592,6.08,15.33280999,62.8959710638084,23.252,..,..,..,..,7.297,..,..,..,..,33941126193.9219,4.26391940393987,13.6323383869836,..,6.18482321057958,19.2,36.1,10887882,20.01377,18.35972,..,1098580,..,56.4010345452952,3.05599999427795,..
Bosnia and Herzegovina,2016,100,..,4.08203659970681,4.64864303879871,..,14.79692774,43.5833619126941,9.158,..,..,..,..,11.037,..,..,35.3266106177172,..,16911088173.7458,3.14406999762494,-0.867674598698115,..,5.38680471720028,4.1,5.9,3516816,9.73101999999999,17.28654,..,51210,19.9541372036541,87.7617410681663,25.4099998474121,..
Botswana,2016,60.6883964538574,..,3.96145281996563,2.06435242394637,9.48,43.98348216,54.9102244080015,23.669,..,..,..,..,6.684,..,..,25.8123931039954,..,15648632361.5749,4.31548650431786,34.4879442138474,..,1.55205652722226,26.2,39.3,2250260,..,..,..,581730,20.8476378152197,92.9109735459173,..,..
Brazil,2016,100,97.20202,-3.96647714074656,-4.7484039926055,5.68859537743985,14.17305288,43.6443157926871,14.163,..,..,..,..,6.165,..,..,35.7332420572231,..,1793989048409.29,-3.46816285562606,15.8021948074173,..,-5.5727592067886,9.6,16.3,207652865,16.60114,20.31899,..,8515770,12.7892269167437,24.5742827331193,11.6094999313354,151.751301656654
British Virgin Islands,2016,..,..,..,..,..,..,..,..,..,..,..,..,..,..,..,..,..,..,..,..,..,..,..,..,30661,7.45055,10.53822,..,150,..,..,..,..
Brunei Darussalam,2016,100,96.61512,-7.31940919033242,-8.55764409906941,3.99414465465303,46.75885673,38.3314429164937,15.873,..,..,..,..,3.575,19.5228,60.84435,..,..,11400653949.1783,-2.4655149233665,52.6264491832924,..,-0.729813528336365,4.7,10.5,423196,8.56453,10.19678,..,5770,..,87.319801332806,..,..
Bulgaria,2016,100,93.15892,8.34361839021727,9.10619228600463,3.85014439616643,26.57099023,52.8289936362545,9.1,..,..,..,..,15.1,..,..,32.3617539572931,..,53240950226.2443,3.9367581489791,23.4575586954212,..,5.96812763890446,3.9,7.9,7127822,12.63651,17.61018,..,111000,20.0410294273877,123.643790502497,7.57460021972656,..
Burkina Faso,2016,19.1647129058838,75.85293,16.3737348960151,13.0297122338309,4.31,..,91.561139777724,38.92,..,..,..,..,8.568,..,..,17.3288642188692,..,10886363726.8422,5.93413510489553,15.1038284337647,..,4.26505510700352,26,84.5,18646433,23.38275,41.54927,..,274220,16.6565904125771,51.9403785151064,..,..
Burundi,2016,7.58847713470459,..,-3.93151787913449,-6.89685532374068,5.17552163934371,-2.649011924,90.1197882258195,42.248,..,..,..,..,10.788,..,..,..,..,2959185295.39019,-0.600019999969277,-1.04831213964206,..,..,22.8,63.9,10524117,32.13206,49.66066,..,27830,..,23.0561784121918,..,..
Cabo Verde,2016,92.6115875244141,86.41023,0.879856022123121,-0.362912906224125,5.01,..,54.0767985287945,20.901,..,..,..,..,5.531,39.08446,40.84653,..,..,1663008687.09505,4.70579150927118,19.5241386151353,..,-7.44381831010618,11,18.5,539560,16.00499,21.4778,..,4030,..,104.1918617279,..,..
Cambodia,2016,49.7706565856934,92.78161,7.94135089217676,6.26539565761513,2.00537701824782,17.82891158,55.3992529338044,23.296,..,..,..,..,6.055,..,..,12.9896420554064,..,20016747754.0192,6.86309209821934,18.6702663323735,..,7.04661444881387,15.6,30.6,15762370,..,42.53404,..,181040,15.2611080376218,126.950028975988,..,..
Cameroon,2016,60.0747680664063,95.2740199999999,2.49229324078179,-0.151727739509965,2.68,16.79770846,85.4205882355268,36.3,..,..,..,..,10.076,..,..,..,..,32621535418.9031,4.64848155096477,17.8823311934688,..,5.00753727779788,26.1,86.8,23439189,19.25706,42.73541,..,475440,..,43.2045179184235,..,..
Canada,2016,100,99.9622399999999,0.821038218693502,-0.380239567903956,4.93,19.59708747,48.2439168641162,10.8,..,..,..,..,7.5,..,..,17.3365738052357,..,1535767736946.18,1.41410274557691,20.7118524828716,..,0.481523908401257,3.5,5.2,36264604,..,..,..,9984670,12.1758422721427,64.352107043654,6.99889993667603,..
Cayman Islands,2016,100,..,..,..,..,..,..,..,..,..,..,..,..,..,..,..,..,..,3.53565894998683,..,..,4.23316093003407,..,..,60765,..,..,..,260,..,..,..,..
Central African Republic,2016,13.9851121902466,..,3.43947199351094,2.34711059512853,1.15,..,89.2512487699714,35.7,..,..,..,..,13.538,..,..,..,..,1755468136.86556,4.53128596327306,-3.70565640768986,..,..,42.4,125,4594621,34.62948,83.41195,..,622980,..,42.7543350813203,..,..
Chad,2016,8.83089828491211,..,-11.1288286093578,-13.8537111562103,1.76679083894578,..,99.42601630728,43.331,..,..,..,..,12.953,..,..,..,..,10090922857.3905,-6.25552708545281,20.412692486631,30.79161,-2.10318047290033,35.4,126.9,14452543,28.44071,56.88788,..,1284000,..,63.2969251336898,..,..
Channel Islands,2016,100,..,..,..,..,..,47.6339590137458,9.332,..,..,..,..,8.998,..,..,..,..,..,..,..,..,..,..,..,164541,..,..,..,197.999992370605,..,..,..,..
Chile,2016,100,92.94523,2.0703508943615,1.23216000033321,4.57,20.78542163,45.5537828614934,13.281,..,..,..,..,6.115,28.08302,29.06897,22.2013519159478,..,250036180921.053,1.26586760300135,23.1002929476878,..,-2.35976747508863,5.2,7.7,17909754,..,..,..,756700,17.4174411372888,55.5127031940354,6.73820018768311,..
China,2016,100,..,6.04962268997431,5.47693865075749,1.79,46.23855895,38.549146051708,12,..,..,..,..,7.3,..,..,8.52763623992999,..,11190992550229.5,6.69999999999993,46.2186800616607,..,..,5.1,10,1378665000,13.49871,16.54936,..,9562910,9.15738553603272,37.03381667784,..,..
Colombia,2016,99.0044555664063,93.58118,1.64420513570143,0.756897912880248,3.42476124014368,19.50975647,45.3930293588412,15.198,..,..,..,..,6.009,35.98056,34.68962,29.9174060749389,..,282856115393.175,1.96261426732217,16.4199301520934,98.66831,2.78086763070078,8.3,15.2,48653419,26.18799,24.31808,..,1141748.984375,13.195965441608,35.9199284157351,8.69180011749268,..
Comoros,2016,77.8442153930664,..,8.23039021194253,5.75766355262151,4.31387796015044,..,75.1352695926283,32.856,..,..,..,..,7.389,..,..,..,..,1024261820.6281,2.1881974557357,0.213808893484111,..,..,32.3,71.1,795601,..,..,..,1861.00006103516,..,36.8804975117825,..,..
"Congo, Dem. Rep.",2016,17.1473789215088,..,-1.7137059524796,-4.88380476931759,2.06,12.56759561,97.4964905285973,42.28,..,..,..,..,9.934,..,..,..,..,37134799974.5225,2.39937909829004,9.38761003944179,84.98951,8.64552309044689,29.4,94.4,78736153,..,..,..,2344860,..,59.5908463428979,..,..
"Congo, Rep.",2016,56.5661697387695,..,-21.6780197528608,-23.6670488537035,2.52,..,84.3862288965541,34.629,..,..,..,..,7.331,..,..,..,..,9035848070.90357,-2.80001878768313,8.54868082082258,..,-0.518723575074134,19.8,49.4,5125821,..,..,..,342000,..,152.142345789697,..,..
Costa Rica,2016,100,96.79008,4.9130221992979,3.84554867749662,7.07150884407115,15.87062489,45.2005220586521,14.289,..,..,..,..,4.941,34.0248,31.99655,27.9489217330143,..,57157992434.219,4.24598987825375,18.6409024919893,..,4.51430657561889,6,9.2,4857274,12.73154,11.97865,..,51100,13.9101012473746,63.9275351985885,..,..
Cote d'Ivoire,2016,64.3,87.65058,31.4125787072835,28.1547213047553,4.88615246641483,..,83.4428128468934,36.832,..,..,..,..,12.227,..,..,18.3651130717028,..,35389998638.9371,7.97174573809407,20.7389215349554,..,0.245365659689512,34.1,91.8,23695919,25.83658,42.50102,..,322460,15.7065650315498,63.7483776166493,2.59920001029968,..
Croatia,2016,100,97.64825,-0.726770678600047,-0.0310362482020281,4.5253855271505,23.26896758,51.5350073147446,9,..,..,..,..,12.3,..,..,..,..,51640880494.2725,3.53612954934364,23.5500127429046,..,5.96286439621139,3,4.7,4174349,6.73221,13.50611,..,56590,..,94.6927092915316,13.1034002304077,..
Cuba,2016,100,95.75426,..,..,13.01,..,43.8170658089428,10.865,..,..,..,..,8.003,..,..,..,..,91370000000,0.513761467889907,12.255663784612,..,-5.20471894517695,2.3,5.5,11475982,9.34814,8.74431,..,109880,..,27.2693444237715,..,..
Curacao,2016,100,..,..,..,..,..,53.2107626760834,11.2,..,..,..,..,9.3,..,..,..,..,..,..,..,..,..,..,..,159663,..,..,..,444,..,..,..,..
Cyprus,2016,100,..,-0.444509229678729,-1.04574810178471,6.19592786644448,11.6358092,42.8476381384424,10.834,..,..,..,..,6.893,..,..,36.07045894582,..,20453761061.9469,4.81218762402544,16.0196212047463,..,12.659660694821,1.6,2.8,1170125,..,..,..,9250,23.9689132621605,129.6708526679,12.9497995376587,..
Czech Republic,2016,100,..,..,..,3.92681744045241,28.68761472,50.9527539583137,10.7,..,..,..,..,10.2,..,..,32.9438913610043,..,195305084919.138,2.593326020384,33.8232102303676,..,7.01406637784088,1.7,3.2,10566332,..,..,..,78870,14.6586385767319,151.598767294333,3.9514000415802,..
Denmark,2016,100,99.0209,0.463064422866751,-0.317890720290649,7.8318956765332,27.59938391,56.3115025198636,10.8,..,..,..,..,9.2,..,..,39.2313120957694,..,306899653409.601,1.96407712946747,27.1714581391139,..,5.38470228370815,3.1,4.3,5728010,..,..,..,42920,33.7391007191807,100.974122466919,6.18069982528687,..
Djibouti,2016,51.7826919555664,52.42191,..,..,7.43194220799754,..,55.5934403059253,23.002,..,..,..,..,8.35,..,..,..,..,1764268468.93991,8.72226006105292,11.6193888722773,..,11.3473794167409,33.1,63.7,942333,23.75349,31.09517,..,23200,..,84.6491516767199,..,..
Dominica,2016,100,98.20205,..,..,5,..,..,..,..,..,..,..,..,..,..,..,..,575468222.222222,2.52204573406682,..,..,-20.9325141426133,26.4,32.9,73543,..,13.07679,..,750,..,103.400606089392,..,..
Dominican Republic,2016,100,87.76939,6.45669210328525,5.25307505801138,2.51925224689344,22.61389928,57.3458489447249,20.17,..,..,..,..,6.102,..,..,16.8944544244885,..,72342967648.3354,6.61220822292972,17.9470293007111,98.83941,4.23848120904226,20.7,30.8,10648791,..,18.52102,..,48670,13.5068443726483,53.8373648241106,..,..
Ecuador,2016,99.9368133544922,98.1926299999999,-3.58034832473886,-4.9967727276303,3.93,27.13474911,55.2968223188994,20.175,4.57627219936046,20.9324514461252,72.5754808894,67.0504011700022,5.121,..,..,..,..,99937696000,-1.22638398463877,25.4672771323445,99.0571099999999,-0.880360444797816,7.7,14.8,16385068,22.34845,25.10571,..,256370,..,38.5213403358829,4.59700012207031,..
"Egypt, Arab Rep.",2016,100,98.63899,4.56610704296649,2.47835239411151,4.4111256,9.459263571,62.7638651414155,26.494,..,..,..,..,5.909,..,..,..,..,332927833278.038,4.34664345555436,5.48460913855466,..,0.756330209554662,12.1,22.9,95688681,14.79149,23.07766,..,1001450,..,30.2465490514505,12.4067001342773,..
El Salvador,2016,98.618896484375,85.5346,1.29848137263463,0.783680529764098,3.46968374814644,12.22090981,55.9675760052606,18.538,..,..,..,..,6.725,47.18061,35.26749,23.4788824866029,..,23912227500,2.58057746976483,-1.12341060656102,98.00859,1.30633539554906,7.3,15,6344722,29.31611,28.26087,..,21040,17.5574123971094,71.9600045625193,4.41830015182495,108.445562001651
Equatorial Guinea,2016,67.889289855957,..,-12.4238768458738,-15.7291407887046,1,..,67.2758396384676,34.114,..,..,..,..,10.186,..,..,..,..,11260900825.8233,-8.53391058524575,26.6742229239167,..,5.06589871673815,31.4,92.8,1221490,..,..,..,28050,..,92.3727570291162,..,..
Eritrea,2016,46.6804618835449,..,..,..,1.72,..,..,32.2,..,..,..,..,6.854,..,..,..,..,..,..,..,..,..,18.2,44.5,..,..,..,..,117600,..,..,..,..
Estonia,2016,100,93.68565,2.97349386744645,2.94352035484091,5.10963307305955,26.65831779,54.6705379655697,10.7,..,..,..,..,11.7,..,..,37.2347741593805,..,23337907618.5174,2.06326278488234,26.5183678431392,..,-0.198606774454575,1.3,2.9,1315790,8.78266,11.26704,..,45340,22.4303504280013,154.102849661032,6.76170015335083,..
Eswatini,2016,65.7902069091797,75.85466,-2.34523179026185,-4.09656371233154,6.7167432227178,21.4253559,68.160300287592,28.85,..,..,..,..,9.585,..,..,..,..,3817430000,3.22247241618905,1.60425447587357,..,1.141258137127,17.8,56.3,1343098,15.54522,27.27385,..,17360,..,100.540531864654,22.7176990509033,..
Ethiopia,2016,42.9,..,8.32568623100238,5.64919121954502,2.88,28.30208604,80.5242358915546,31.779,..,..,..,..,6.825,..,..,..,..,73000980433.9486,7.56176669205257,22.3759908180035,..,18.3902012789666,29.8,61.2,102403196,..,..,..,1104300,..,35.5063366286527,..,..
Faroe Islands,2016,100,..,..,..,..,..,..,13.6,..,..,..,..,7.6,..,..,..,..,..,..,..,..,..,..,..,49117,..,..,..,1396.00006103516,..,..,..,..
Fiji,2016,98.6460494995117,99.9319,..,..,3.95508178751917,..,52.9679277267559,19.387,..,..,..,..,7.091,..,..,..,..,4671313314.55578,0.380003448395996,14.2973939703628,..,-1.87541061593511,10.4,25,898760,..,19.7431,..,18270,..,77.987736331119,4.31949996948242,..
Finland,2016,100,99.12349,2.51746357479779,2.22322949243659,6.65547681525914,20.41179139,59.1234993772953,9.6,..,..,..,..,9.8,..,..,39.9192670074569,..,238677672281.611,2.13538181526189,20.855714106955,..,1.85517439356968,1.8,2.3,5495303,13.24117,13.32179,..,338450,21.0007739615244,72.8075338434373,8.81840038299561,..
France,2016,100,99.10915,1.82134528416094,1.41563926935109,4.94569177179241,20.3070657,60.0524272863093,11.7,..,..,..,..,8.8,..,..,48.2540357754397,..,2465134297438.91,1.1876503808742,21.8678092838092,..,1.50418366805378,2.4,4.2,66859768,..,..,..,549086.9921875,23.1451317617412,61.1288953265056,10.0567998886108,..
French Polynesia,2016,100,..,..,..,0.499851816078,..,45.1787222357507,15.379,..,..,..,..,5.44,..,..,..,..,..,..,..,..,..,..,..,280208,..,..,..,4000,..,..,..,..
Gabon,2016,91.3955001831055,..,2.23991296308003,-0.322093396198866,3.06,..,67.624203487299,29.512,..,..,..,..,7.616,..,..,..,..,14014369641.7689,2.09144220829562,44.9195745615957,..,4.95723792430569,22,50.1,1979786,..,..,..,267670,..,70.1333810645308,..,..
"Gambia, The",2016,47.7570877075195,76.11047,..,..,2.66,15.27585196,91.7955574205604,39.482,..,..,..,..,8.063,..,..,..,..,1442298542.44008,0.405596455448503,..,..,-8.06286837283756,28.3,65.8,2038501,..,..,..,11300,..,44.0763920470012,..,..
Georgia,2016,100,99.6259199999999,1.68958564014578,1.62943531927671,1.76,20.88756607,50.7798447242865,13.499,..,..,..,..,13.228,..,..,25.689678597324,..,14378016729.1587,2.84897337602513,17.0061037924404,..,4.20124742410212,7.2,11.4,3719300,7.44399,8.82638,..,69700,23.4709470613726,102.92960091532,13.9700002670288,..
Germany,2016,100,99.78186,2.27376306617244,1.45151343117149,4.51119928971347,27.13333408,52.3439752792884,9.3,..,..,..,..,11.2,..,..,27.8575086274073,..,3477796274496.8,1.94362542781317,27.169097183569,..,2.14104736141039,2.2,3.8,82348669,12.01502,12.14626,..,357580,11.2420603998028,84.2672667419411,4.1217999458313,..
Ghana,2016,79.3,86.70103,3.96354208967047,1.6639637176402,5.91160948250899,16.40658354,72.6081814631455,31.047,..,..,..,..,8.146,..,..,..,..,55009730600.0307,3.44779299129728,24.1883915490657,..,7.91907393150535,25.1,51.8,28206728,16.97562,30.5794,..,238540,..,69.3576702283933,..,..
Gibraltar,2016,100,..,..,..,..,..,..,..,..,..,..,..,..,..,..,..,..,..,..,..,..,..,..,..,34408,..,..,..,10,..,..,..,..
Greece,2016,100,92.90618,-1.61776749308889,-1.20773086378186,3.1,10.02243855,52.7588671544303,8.6,..,..,..,..,11,..,..,48.8348791466966,..,192690813126.86,-0.24431474084669,9.88745894465287,..,8.53492705431343,2.9,5.1,10775971,8.4038,9.27444,..,131960,26.6970129257819,61.6398690189873,23.5391006469727,..
Greenland,2016,100,..,..,..,..,..,..,14.8,..,..,..,..,8.7,..,..,..,..,2705898955.68727,7.66299889492275,18.1512245200463,..,27.5146988717623,..,..,56186,..,..,..,410450,..,84.9187221731182,..,..
Grenada,2016,92.344367980957,96.84211,..,..,3.75,..,50.592874282587,18.683,..,..,..,..,7.109,56.7574,23.37069,..,..,1061631222.22222,3.73561413158529,..,..,4.54989006050684,10.8,16.6,107317,11.88228,15.45199,..,340,..,107.910433290935,..,..
Guam,2016,100,..,..,..,8.3161306,..,52.2534816337975,16.78,..,..,..,..,5.065,..,..,..,..,5793000000,0.250288794763193,..,..,..,..,..,162896,..,..,..,540,..,70.7578111513896,5.40000009536743,..
Guatemala,2016,91.7792282104492,87.20165,4.47301802681859,2.39369709640881,2.91563324137977,14.60852772,67.3687672995992,25.273,..,..,..,..,4.833,55.46525,13.31038,11.8411965958655,..,68663653469.1246,3.09248255769093,4.96691590801648,..,3.55528119727384,13.3,28.6,16582469,12.39713,21.74437,..,108890,10.393942231726,47.0048783441723,2.8264000415802,..
Guinea,2016,33.5,78.85643,0.496887407743557,-1.97088732651028,2.97669938197495,..,83.681605928821,35.911,..,..,..,..,9.261,40.52155,22.6965,..,..,8694360304.56367,10.4541058171845,-0.304932027368772,..,5.56654039181697,24.5,88.7,12395924,..,47.14862,..,245860,..,110.971585001091,..,..
Guinea-Bissau,2016,14.6557903289795,..,1.40941386769136,-1.11350902104419,1.16,2.858488589,80.3438226933307,36.579,..,..,..,..,10.537,..,..,..,..,1178204501.38801,6.26280563780463,3.02715904890593,..,6.14880493446415,38.1,87.4,1815698,..,..,..,36130,..,57.8122244103829,..,..
Guyana,2016,84.2429046630859,..,..,..,2.92,29.79804231,52.8789487314833,20.576,..,..,..,..,8.21,..,..,..,..,3504024213.07506,3.31613165474853,20.9138820118273,..,-9.5370984058325,19.5,32.3,773303,..,..,..,214970,..,100.403097593773,..,..
Haiti,2016,38.6901664733887,..,0.526810696566699,-0.736088562740079,1.461652,30.66426491,61.4206784727666,24.179,..,..,..,..,8.594,..,..,..,..,7970649131.23416,1.45270702675018,-1.41247516687032,..,1.50793650793624,28.7,73.4,10847334,..,..,..,27750,..,73.3418950483363,..,..
Honduras,2016,87.5766296386719,83.06458,4.02358360699684,2.28806638673665,6.33,21.02205092,58.2928201094743,21.715,..,..,..,..,4.804,..,..,..,..,21643936938.9096,3.75214890971107,8.05211159857178,96.12654,2.91246749897931,10.4,18.9,9112867,14.49878,28.37057,..,112490,..,100.487881072994,4.66820001602173,..
"Hong Kong SAR, China",2016,100,..,..,..,2.83608588545294,24.92397013,36.9448015349406,8.3,..,..,..,..,6.4,21.33549,33.04545,..,..,320881182123.855,2.16292329544639,23.8277950325521,..,-0.441345547602268,..,..,7336600,12.37069,13.67502,..,1110,..,371.707853295519,3.39000010490417,..
Hungary,2016,100,96.86148,4.0582165317137,4.36575693288275,4.46774826601162,24.44965296,47.8553937262093,9.7,..,..,..,..,13,..,..,43.8781329815654,..,125816640420.569,2.21318749036379,29.8583299078043,..,0.0803026855930256,2.6,4.8,9814023,10.01652,10.76744,..,93030,23.3531882264192,168.992646029172,5.1149001121521,..
Iceland,2016,100,99.51819,11.6301534725208,10.0913406640611,7.52049738121633,28.93107422,52.0741150442478,12,..,..,..,..,6.9,..,..,33.6373571880574,..,20304098101.4115,7.48145023856483,27.8097286455903,..,1.82694401548547,1.1,2.2,335439,..,..,..,103000,38.5188399819878,90.419460159231,2.97790002822876,..
India,2016,84.5268173217773,..,6.54828171962778,5.3318755355283,3.08,30.56082877,51.5228471113059,19.013,..,..,..,..,7.31,..,..,..,..,2274229710530.47,7.11268609734361,30.0580768902641,..,7.89559025625204,25,41.6,1324171354,28.49097,35.21588,..,3287259.0625,..,40.3491793054949,..,128.901844140393
Indonesia,2016,97.62,91.71123,7.290476396247,6.07696884565787,3.27297581692557,33.2852523,48.9295745802177,18.986,..,..,..,..,7.122,..,..,14.8669356468351,..,932256495234.247,5.03327959153033,32.6727768067652,99.6688099999999,4.25651004593767,12.8,26.3,261115456,14.11492,13.97814,..,1913580,10.3321451061155,37.4388944980601,4.30070018768311,155.053389013787
"Iran, Islamic Rep.",2016,100,..,3.50769608061245,2.32541542319214,2.74132995801178,..,40.624633011902,16.544,..,..,..,..,4.513,28.85249,36.52996,..,..,418976679728.567,13.3962444619863,37.2924751919189,98.10135,6.85745389284935,9.4,15.5,80277428,..,..,..,1745150,..,43.2144633452964,12.4300003051758,..
Iraq,2016,100,..,..,..,4.6,12.40955756,77.4702835344961,33.207,..,..,..,..,5.02,..,..,25.9438172534013,..,170559560067.682,13.0241537218475,11.6988891480912,..,5.89999999690501,17.6,31.3,37202572,..,..,..,435051.9921875,2.0295990637538,73.8210928691467,..,..
Ireland,2016,100,99.97016,10.132899922088,8.89667283565952,5.90149113875255,43.98158504,54.5165857204269,13.5,..,..,..,..,6.4,..,..,25.1249477894858,..,304819018067.107,5.14146015448682,54.6507148349712,..,2.70872609944144,2.2,3.6,4755335,..,..,..,70280,18.7823582713611,221.158015597653,8.36649990081787,..
Isle of Man,2016,100,..,..,..,..,..,..,..,..,..,..,..,..,..,..,..,..,6592627599.24386,7.40000000000001,..,..,-3.80788968296447,..,..,83737,..,..,..,570,..,..,2.66732120513916,..
Israel,2016,100,97.05258,4.74071819753321,2.70742950703813,5.26863831764121,24.57872058,64.9499022093752,21.2,..,..,..,..,5.1,..,..,36.4610807331312,..,317747542489.389,4.09433559145759,22.5716830310648,..,1.11219968738247,2,3.7,8546000,..,12.07069,..,22070,23.3730593416255,58.4459742509414,4.7979998588562,101.032619251641
Italy,2016,100,98.61219,2.78896501111048,2.96373550335815,3.88231876019173,19.60127555,57.0290127929924,7.8,..,..,..,..,10.1,..,..,42.3017819526968,..,1859383610248.72,0.858262630008326,20.3470053596539,..,1.17942066353396,2,3.4,60627498,10.04517,11.12385,..,301340,23.6595645041034,56.3510378458443,11.6881999969482,..
Jamaica,2016,98.2042694091797,..,-0.586062713816986,-0.911110721845532,5.50509754632326,21.460238,48.0806618970799,16.629,..,..,..,..,6.98,35.87399,38.94375,26.2012617896583,..,14072135208.5664,1.38065838326224,7.93566335242679,..,1.94014709611972,11.1,15.7,2881355,18.10698,22.64723,..,10990,26.0265068914446,75.9299188466468,13.1918001174927,..
Japan,2016,100,98.2351599999999,0.0963272333042227,0.211789002199737,2.98520466849895,26.48446996,65.290106306176,7.8,..,..,..,..,10.5,32.99338,38.76294,16.9393836854146,..,4949273341993.88,0.938193886449625,24.5360071524376,..,1.96338917877912,0.9,2.7,126994511,11.21106,15.87224,..,377970,11.1033645354834,31.266582448967,3.09999990463257,..
Jordan,2016,100,..,1.83005695832537,-1.36296801069825,4.24609470230055,..,65.4708800326749,26.469,..,..,..,..,3.828,42.53879,37.01023,..,..,38654727746.4789,2.00373364209914,1.12313976847983,..,1.14548954312137,10.5,17.6,9455802,..,18.36314,..,89320,..,91.3165635147951,15.2749996185303,..
Kazakhstan,2016,100,99.72076,-6.31722035029983,-7.64000510645617,2.86434927936478,23.1734222,52.0748140136072,22.52,..,..,..,..,7.37,..,68.56174,16.3309403041021,..,137278320084.171,1.09999999999941,33.8248297093003,..,1.79999999999984,5.3,10.9,17794055,6.79388,18.5511,..,2724901.875,9.92425019653,60.3115965864153,4.96000003814697,..
Kenya,2016,56,..,8.34708937583287,5.60762873501363,4.93323344920911,12.14806409,77.045331711067,31.309,..,..,..,..,5.732,..,..,23.4245589681274,..,70875223143.0362,5.86919769831908,7.62514305031576,..,2.68875845784102,21.3,47.1,48461567,..,..,..,580370,15.7984472337866,36.7513758059156,..,..
Kiribati,2016,84.9362716674805,98.1342,..,..,6.1,..,62.9117475327191,28.224,..,..,..,..,6.986,..,..,71.0855321650103,..,178328873.030033,5.12975052525447,..,..,2.27633745835701,23.4,56.2,114395,..,25.73171,..,810,24.9210499566464,112.135663309544,..,..
"Korea, Dem. Peopleâ€™s Rep.",2016,39.2442245483398,..,..,..,..,..,43.920399576986,13.834,..,..,..,..,8.844,..,..,..,..,..,..,..,..,..,10.5,20,25368620,..,..,..,120540,..,..,..,..
"Korea, Rep.",2016,100,96.54282,3.49643499974255,3.03038937877882,4.42818946303823,35.66188388,37.1496082598761,7.9,..,..,..,..,5.5,..,..,24.9217858963099,..,1414804158515.26,2.9293047947001,36.1734233328826,..,2.35671886731535,1.6,3.4,51245707,13.84298,16.30703,..,100339.00390625,14.8250128327702,77.7128322448845,3.70000004768372,..
Kosovo,2016,100,..,..,..,..,18.3187558,..,16.8,..,..,..,..,7,..,..,..,..,6714712389.38053,4.05657859621029,-0.0329483863527941,..,2.78817599716497,..,..,1816200,..,..,..,10887,..,74.6132683151843,27.4699993133545,..
Kuwait,2016,100,96.73618,-5.8978632272615,-8.60975977368426,3.19,22.92554038,30.1628535602697,16.416,..,..,..,..,2.739,..,..,..,..,110912280701.754,3.54700508846648,28.7961177797807,..,-5.02834238328764,4.5,8.4,4052584,..,8.85539,..,17820,..,94.6613503011347,2.16000008583069,117.156317598801
Kyrgyz Republic,2016,99.9961013793945,98.47016,7.28279239399146,5.11931343231642,4.99595756434672,24.19559779,55.9367142406809,26,..,..,..,..,5.5,..,58.01147,27.0350965882562,..,6813092065.83507,4.3358559012983,-0.233576973332841,..,5.84653825526328,11.3,21.1,6079500,9.86636,25.03207,..,199950,16.9491731803417,105.823574017406,7.21000003814697,..
Lao PDR,2016,87.0957717895508,94.72014,14.1628273549463,12.5684488691342,2.95321717368773,19.40692836,59.2973979876967,23.85,..,..,..,..,6.663,..,..,13.8677114613107,..,15805707154.2329,7.02309187410415,20.3345992937458,..,3.15051167069105,28.9,65.6,6758353,18.34744,22.95564,..,236800,12.9430993761254,75.0918215172699,..,..
Latvia,2016,100,96.79255,5.09803310909473,6.06291084073878,4.34058246748342,21.05101202,53.2953759594955,11.2,..,..,..,..,14.6,..,..,42.9118495966178,..,27571513793.3984,2.20881929833494,20.4756094904291,..,5.56429561293805,2.4,4.6,1959537,8.10571,11.3295,..,64490,23.8840689346292,119.187380597239,9.64290046691895,..
Lebanon,2016,100,84.35265,0.875549075010767,-1.73068379575916,2.1,7.693714473,46.8154896336229,15.47,..,..,..,..,4.62,..,..,25.6780175928589,..,51483909754.8922,1.74074199044236,-0.710497053092298,..,-6.56175055064917,4.7,8.1,6006668,7.67398,12.17537,..,10450,13.4369283257681,69.4395005462694,..,..
Lesotho,2016,29.7333087921143,80.51202,1.35870771154487,0.0168375432362637,9.73,18.8626494,66.6879203463518,27.872,..,..,..,..,12.702,..,..,37.75790094565,..,2323419619.1784,3.17898668264355,-10.8469797271846,..,18.8513602689819,38.7,88.9,2203821,23.16604,33.75653,..,30360,33.7293504278161,123.646597379097,..,..
Liberia,2016,19.8,36.75459,-1.37039523243703,-3.8116891710353,3.66,..,82.3187135565921,34.318,..,..,..,..,7.888,..,..,..,..,3277826000,-1.59958407502003,-58.7591287640039,..,-4.80000000000001,25.7,77.4,4613823,15.18504,27.0679,..,111370,..,121.676440421182,..,..
Libya,2016,98.5367279052735,..,..,..,2.1374382,..,48.7644630570495,19.672,..,..,..,..,5.208,..,..,..,..,26221660076.2226,-2.79546888990185,..,..,..,6.8,12.8,6293253,..,..,..,1759540,..,70.2142634065448,..,..
Liechtenstein,2016,100,99.31079,..,..,3.06221619907349,..,..,10,..,..,..,..,7.2,..,..,..,..,6214633651.30911,..,..,..,..,..,..,37666,9.65192,7.68462,..,160,..,..,..,..
Lithuania,2016,100,99.74473,4.52262461553777,5.85926219747357,15.52,17.02508244,50.4561317738493,10.7,..,..,..,..,14.3,..,..,32.8164153698784,..,42773029835.3222,2.34488073938846,18.5374291459742,..,3.05271048004494,2.2,4.7,2868231,7.68762,13.22845,..,65286.0009765625,17.0262989046473,147.610119047965,7.86210012435913,..
Luxembourg,2016,100,98.79947,4.23965832022908,2.0170070442219,5.56620805076301,31.88028094,44.0192713604521,10.4,..,..,..,..,6.8,..,..,39.1572121886297,..,58631324559.4484,3.08264331605726,53.0499015211402,..,-0.945169530407824,1.7,2.6,582014,8.82794,8.30333,..,2590,25.7351181762353,407.431103804097,6.29069995880127,..
"Macao SAR, China",2016,100,98.7175,..,..,2.0780675026609,53.06449336,28.1703027511411,12.146,..,..,..,..,3.806,..,60.72665,16.22103492283,..,45310877912.7215,-0.863118775980453,63.2219507818862,99.79874,-6.92520775623268,..,..,612167,10.66209,13.85535,..,30.3999996185303,27.6280005458242,110.587553310422,1.89999997615814,..
"Macedonia, FYR",2016,100,..,6.72939519400937,6.63206105597681,3.26336321288567,32.15465948,42.1506265005106,11.277,..,..,..,..,9.798,..,..,27.7831376744929,..,10672471860.7184,2.84844146117298,17.6517959969401,..,-1.53004992112032,9.8,13,2081206,..,..,..,25710,16.9511578216024,116.185576543179,23.7243995666504,..
Madagascar,2016,22.9,..,4.9328425044493,2.14892967312261,2.08,14.76523747,79.1194345609394,33.145,..,..,..,..,6.328,..,..,..,..,10001193315.1966,4.17999023566718,12.5301689343236,..,..,18.9,45.9,24894551,..,40.606,..,587295,..,69.256037031129,..,..
Malawi,2016,11,..,5.28121942977306,2.26698199242443,5.72023945090347,8.826189436,89.6538222768176,36.704,..,..,..,..,7.276,43.92015,28.75596,17.9497960522711,..,5433040159.88747,2.48404062641868,-1.75246801163818,..,2.63927921529614,23.3,58.4,18091575,..,..,..,118480,15.4890813193579,77.9077147874236,..,..
Malaysia,2016,100,98.91333,3.0654858659491,1.53172769109004,4.82148996469934,29.04804312,44.2955285376256,17.052,..,..,..,..,4.93,33.78704,39.42596,17.0181709792473,..,296752886724.682,4.22341019438007,32.5868791733684,..,4.41890333725887,4.1,7.7,31187265,13.21255,11.61165,..,330345,13.7563240239801,128.824389530633,3.44000005722046,..
Maldives,2016,100,98.2538299999999,..,..,4.78464090370166,..,37.9991612091493,18.27,..,..,..,..,3.339,36.39613,21.60521,..,..,4414055724.80263,7.28918630548748,..,..,10.8882874349528,4.7,8.3,427756,..,10.29657,..,300,..,143.746962339996,6.11990022659302,..
Mali,2016,35.0694999694824,62.06596,7.87250326919522,4.71373756919786,4.4,..,101.460052835742,42.634,..,..,..,..,10.32,..,..,12.319895522876,..,14010787737.8424,5.79999999505212,5.89545283196044,..,..,36.1,109.6,17994837,19.4834,39.08605,..,1240190,15.4022765734901,63.7896509634428,1.36699998378754,..
Malta,2016,100,97.5698,..,..,7.00011336918423,33.04909713,50.0299825376429,10.2,..,..,..,..,7.6,..,..,36.2485228106427,..,11274020600.9269,5.23058494709528,36.6003298188407,..,..,4.5,6.5,455356,7.21022,13.02685,..,320,26.2558077705463,264.621341684046,..,..
Marshall Islands,2016,93.1380462646484,78.53368,..,..,6.51,..,..,..,..,..,..,..,..,..,..,58.2395881909265,..,194497900,1.91049498750886,..,..,31.5132825982403,16.2,34.9,53066,..,..,..,180,17.7919113779635,111.454468145929,..,..
Mauritania,2016,41.6521072387695,71.22938,1.24912369927928,-1.54462007330186,2.93,24.75174089,76.1267189789361,34.155,..,..,..,..,7.88,55.90347,25.86476,..,..,4739298730.42216,2.00000000023441,21.4413018291226,..,..,34.5,81.5,4301018,26.36771,36.36696,..,1030700,..,100.528410295972,..,..
Mauritius,2016,98.7817840576172,95.33664,2.58238925548096,2.5119156372289,4.77,4.920829657,41.5419722645743,10.4,..,..,..,..,8.1,21.64483,63.72382,23.7491651811898,..,12232463655.5727,3.83795242599929,10.996515358872,..,0.318792339607626,8.4,13.8,1263473,13.20897,17.79444,..,2040,18.1284135107472,98.4299564132347,6.81349992752075,..
Mexico,2016,100,98.9853399999999,1.27306221183277,-0.0366973066753644,5.12579732119482,23.48340963,50.9125499224668,18.173,..,..,..,..,4.852,..,..,20.9779938876108,..,1077779580638.77,2.89785956923329,22.3571044593568,99.1162,1.49705451451705,7.6,14.1,127540423,16.30684,26.74201,..,1964375,13.5432897234284,76.1818143286797,3.85899996757507,..
"Micronesia, Fed. Sts.",2016,75.435173034668,..,..,..,23.62883,..,61.6330114135206,23.708,..,..,..,..,6.222,..,..,22.3247357648905,..,329895600,0.700000000000017,..,..,40.5043689857317,17.2,33.1,104937,..,..,..,700,6.04661383783233,99.0240245701974,..,..
Moldova,2016,100,90.03561,5.22459676685843,5.28840777945483,6.1,16.20324954,35.2138915800473,10.323,..,..,..,..,11.481,22.51997,34.76254,31.3266656371494,..,6795731286.20042,4.49999996561689,-4.94775906468859,..,2.80000099822631,11.7,15.7,3551954,9.22639,17.42007,..,33850,19.2955828620783,114.405824433461,4.18499994277954,..
Monaco,2016,100,..,..,..,1.03,..,..,7.8,..,..,..,..,7.9,12.70133,31.46299,..,..,6468252212.38938,3.21384883419209,..,..,..,1.8,3.4,38499,..,13.70548,..,2,..,..,6.32999992370605,..
Mongolia,2016,81.775032043457,98.72578,2.79883696630321,1.08333737147801,4.17,31.42607348,49.8154893898358,23.958,..,..,..,..,6.318,28.74937,28.262,27.3853749483263,..,11186734674.3847,1.1683934561722,30.5252543491717,..,-0.798129340622083,9.6,18,3027398,..,29.69343,..,1564120,11.3455301801396,95.6114094813076,7.23509979248047,..
Montenegro,2016,100,93.81783,7.99184682818466,7.96685767347505,..,7.902372163,48.286478165762,11.363,..,..,..,..,9.863,..,..,..,..,4374130530.97345,2.89999999999976,3.62180701398559,..,-4.10646780883577,2.5,3.8,622303,..,..,..,13810,..,103.672866466003,17.7233009338379,..
Morocco,2016,100,94.57711,2.98794463878784,1.24053017877672,5.2,29.45081214,51.8100696771866,19.965,..,..,..,..,5.13,..,..,..,..,103345296966.607,1.12597745123138,22.3678147991385,..,0.726317538432326,15,24.3,35276786,..,26.59118,..,446550,..,80.6204670867705,9.30000019073486,..
Mozambique,2016,24.1983394622803,88.60741,2.39692205444855,-0.511249562141074,5.38,3.391189993,92.9173229521451,38.953,..,..,..,..,10.091,..,..,20.512030428897,..,10981358030.5316,3.76327559260542,0.542501794952588,..,3.86767651243804,27.5,74.8,28829476,..,53.60539,..,786380,22.2363905535625,111.154880905555,..,..
Myanmar,2016,57.0093841552734,..,..,..,0.7,..,48.9964874617104,17.794,..,..,..,..,8.135,..,..,16.0299943230385,..,63256184700.2223,5.86247291517364,30.0205804781835,84.75116,9.30696688774455,24.7,50.5,52885223,24.04989,22.04141,..,676590,6.40610374136145,36.9632383844972,..,..
Namibia,2016,51.7824249267578,..,-1.88745464820558,-4.03003750190291,8.34,9.301891977,67.8023735956767,29.181,..,..,..,..,7.23,..,..,33.6482189433827,..,11281259987.2185,0.641649561288446,2.71739584354681,..,5.59829134467797,17.8,45.2,2479713,..,..,..,824290,28.6042900160986,103.282516703503,23.3518009185791,..
Nauru,2016,99.2028045654297,84.4286599999999,..,..,..,..,..,..,..,..,..,..,..,..,..,..,..,102060129.577055,10.4000039995401,..,..,..,21.1,34,13049,24.8,40.17778,..,20,..,150.55335235378,..,..
Nepal,2016,90.7,96.76662,2.14192999740246,0.991307905990908,3.25248952194756,39.96250004,59.5400829804346,19.71,..,..,..,..,6.283,..,..,16.4688161258999,..,21185922407.5922,0.588678498822517,4.06734093271474,..,-7.99871272401734,21.6,35,28982771,28.90357,22.42122,..,147180,18.6874518128733,48.7514443258116,..,..
Netherlands,2016,100,..,1.77168213571986,1.23151334494302,4.87562503376282,29.12036752,53.7508882493604,10.1,..,..,..,..,8.7,..,..,39.0313118648072,..,777227541581.307,2.20994151591842,31.0638007175784,..,3.02147443243676,2.4,4,17030314,14.40346,11.72995,..,41540,22.176616508288,153.888828007475,6.00629997253418,..
New Caledonia,2016,100,..,..,..,0.53888079544,..,48.2356977074523,15.4,..,..,..,..,5.7,..,..,..,..,..,..,..,..,..,..,..,276550,..,..,..,18580,..,..,..,..
New Zealand,2016,100,98.52273,3.14311786334926,1.00034662162155,7.37,20.36823879,53.4221681451946,12.65,..,..,..,..,6.64,24.56902,35.88028,30.8410627175451,..,189285950470.754,3.4714568346147,24.7890877262664,..,2.24387215637725,3,5.4,4693200,13.8189,14.6225,..,267710,27.1854405532952,51.3228447229639,5.09999990463257,..
Nicaragua,2016,81.7967987060547,..,5.53586192547112,4.37078385078375,4.1,25.17578794,53.2675529539365,19.511,..,..,..,..,4.784,..,..,16.5203151004306,..,13184989877.5664,4.65875919160213,13.8197528981597,..,2.82306189826478,7.3,17.9,6149928,..,..,..,130370,16.2912231899549,95.095130525147,..,..
Niger,2016,16.2172336578369,63.79476,6.79349470427502,2.78468352728349,5.17,..,111.778738663356,48.136,..,..,..,..,9.7,..,..,..,..,7528285443.60769,4.92593093257608,17.5376823824352,..,5.88082369375496,26.6,88.7,20672987,26.73945,36.2582,..,1267000,..,48.706386584922,..,..
Nigeria,2016,59.3,..,-4.67187982959419,-7.13614443946608,0.85,..,88.0919379476831,38.887,..,..,..,..,12.462,..,..,..,..,404649527537.713,-1.61686895000074,13.0804366618964,..,-4.31763556852557,33.5,103.8,185989640,..,..,..,923770,..,20.7225188807245,..,..
Northern Mariana Islands,2016,100,..,..,..,..,..,..,..,..,..,..,..,..,..,..,..,..,1250000000,28.2238442822384,..,..,..,..,..,55023,..,..,..,460,..,144.4,..,..
Norway,2016,100,99.8062,-2.606999854535,-3.43086964017169,6.49397176987868,31.65739546,52.4838216809139,11.2,..,..,..,..,7.8,..,..,39.6162759958833,..,371075238095.238,1.09146507169045,30.1813070895647,..,-4.2248633198886,1.5,2.6,5234519,8.72728,9.01206,..,625217.109375,21.9938390109566,67.4098308904111,4.67889976501465,..
Oman,2016,100,98.54122,..,..,4.56834739669965,..,32.2058135442207,18.732,..,..,..,..,2.533,42.1801,37.1377,..,..,66824447334.2003,5.38416593631317,32.392776523702,98.70356,1.92168568920104,5.1,11.3,4424762,..,..,..,309500,..,93.2902623180509,3.26999998092651,..
Pakistan,2016,99.1474380493164,77.77686,7.20242888445728,5.08118899985286,1.8643885650318,21.64761055,64.9711695440283,28.233,..,..,..,..,7.283,43.67706,28.97647,..,..,278654637737.69,5.52673584474448,8.67134693163861,..,3.68584373770777,45.2,77.1,193203476,21.35147,47.63465,..,796100,..,25.3062315100758,..,142.453403907878
Palau,2016,99.2893524169922,..,..,..,..,..,..,12,..,..,..,..,10,..,..,40.6557436316654,..,303984500,0.526568960576412,8.54083102223633,..,7.06792452830189,8.2,15.8,21503,..,..,..,460,19.5887392284804,119.414851550944,..,..
Panama,2016,93.4178009033203,..,1.99449814927392,0.354392070364653,2.8,35.28255657,54.7184276714605,19.533,..,..,..,..,5.016,..,..,..,..,57957594212.2216,4.96646184067421,37.5983937324568,..,1.08802189904694,9.2,16.7,4034119,14.50099,21.44301,..,75420,..,87.2779537865986,3.31459999084473,107.91685771053
Papua New Guinea,2016,22.9321537017822,77.70604,..,..,6.9,..,66.662392738665,27.606,..,..,..,..,7.112,..,..,20.0601860290036,..,19028120012.7673,1.59238532351476,..,..,..,24.2,55.2,8084991,34.2964,35.52165,..,462840,14.1265387947013,..,..,..
Paraguay,2016,98.4,78.8174,5.82531662619716,4.46909945150489,4.88,18.6675141,56.0448061269782,20.947,..,..,..,..,5.729,36.43652,31.27849,15.4367001508115,..,36054281572.3981,4.31290497002365,25.4846945860342,98.4505999999999,4.57477453721174,11.4,21.6,6725308,..,..,..,406751.9921875,9.56841422140426,65.7761402920682,..,..
Peru,2016,94.8517456054688,99.42492,2.39108914531505,1.11121660320055,3.20671032143585,20.5438272,52.9910051965396,19.281,..,..,..,..,5.65,34.8408,32.52512,19.5126220606613,..,191639655121.33,3.95130919243149,21.7242344268657,98.88349,-0.552138977420654,7.6,15.5,31773839,14.33983,18.31765,..,1285220,13.8170890083791,45.2547375321388,..,114.486877640471
Philippines,2016,90.9816131591797,95.45245,7.66716270620913,5.99582116980137,1.84,36.38194334,57.8588078532113,23.21,..,..,..,..,6.524,..,..,14.0405095087689,..,304889079564.142,6.8757148228183,15.1071640032932,..,7.00349968539737,13.9,28.6,103320222,23.52214,28.98824,..,300000,13.6767788356607,65.5065717196409,2.70779991149902,..
Poland,2016,100,95.5969099999999,2.47584327064045,2.51990211468242,4.71443026900682,20.15974992,44.909394625885,10.1,..,..,..,..,10.2,..,..,34.8269206796797,..,471992087443.889,3.06260036695409,23.6232424486006,..,4.49358084484142,3,4.8,37970087,9.19768,10.81003,..,312680,16.1817773460168,100.352692368863,6.16079998016357,..
Portugal,2016,100,96.43135,3.0984320533549,3.42417888238558,5.06784533134471,15.52081171,53.8024711586442,8.4,..,..,..,..,10.7,..,..,41.4252105801516,..,205184480409.024,1.619414632551,16.6022343862829,..,1.35485282881427,2.1,3.7,10325452,9.64497,12.7774,..,92225.595703125,22.5309422174341,79.1371566790163,11.0662002563477,..
Puerto Rico,2016,100,..,..,..,9.06047591909014,..,49.5187469028755,9,..,..,..,..,8.1,..,..,..,..,103960800000,-1.32692791972569,32.5368792852691,..,..,..,..,3406520,..,..,..,8870,..,110.788045563328,11.8000001907349,..
Qatar,2016,100,97.83193,..,..,2.57341696183173,..,17.7440534717901,10.146,..,..,..,..,1.531,..,..,..,..,151732142857.143,2.13131091589808,54.7490969663501,..,0.445994767659144,3.9,7.8,2569804,10.24306,11.6276,..,11610,..,89.5476231430097,0.140000000596046,..
Romania,2016,100,90.04297,3.33807946013668,3.93154222144001,2.81,23.38143386,48.6544403675359,9.6,..,..,..,..,13,..,..,31.174273207069,..,188494136775.719,4.80081006663333,22.4065962704117,..,6.38022980581694,4,8.5,19702332,12.11967,19.32759,..,238400,16.7475194586474,83.2979496178062,5.90140008926392,..
Russian Federation,2016,100,97.58606,-5.5547223526595,-6.3999312987239,3.62056227715317,26.07264424,45.1011915239913,12.9,54.6393099522559,47.8671811807071,77.8751410915727,67.8902079229578,12.9,..,..,30.8413132699347,..,1284727602174.3,-0.22491098425823,29.1222093350926,..,1.14871841996118,3.5,8,144342396,..,20.61869,..,17098250,9.12636321166891,46.225377885321,5.5588002204895,..
Rwanda,2016,29.37,95.86197,6.22383865278869,3.65722107978064,3.22697184639882,12.04834713,76.5434337293355,31.105,..,..,..,..,5.966,34.61112,52.82524,18.9379326536648,..,8475681532.52169,5.98131491296596,7.69815719551898,..,6.63465285259126,16.9,39.8,11917508,18.57893,58.45684,..,26340,14.7896478876729,48.024538954181,..,..
Samoa,2016,100,96.34263,..,..,4.24,..,73.3750944066818,24.689,..,..,..,..,4.973,37.04896,42.81374,24.5095476436837,..,786640006.097846,7.1694201044955,..,..,6.21845279281499,8.8,16.9,195125,27.70971,..,..,2840,24.2000085322725,80.6893639969601,..,..
San Marino,2016,100,..,..,..,3.55096,..,..,7.9,..,..,..,..,7.6,..,..,42.1988741238863,..,1564380530.97345,2.2,..,..,..,1.1,2.3,33203,..,..,..,60,15.6549158259086,..,6.44999980926514,..
Sao Tome and Principe,2016,65.4404830932617,..,..,..,3.48,..,85.5933304862878,33.834,..,..,..,..,6.694,..,..,..,..,354237479.156978,4.1792092680182,..,..,11.3251967814119,14.9,33.7,199910,24.82051,32.15018,..,960,..,..,..,..
Saudi Arabia,2016,100,..,-3.63461745023682,-5.77996825480541,7.1861867,26.76241579,40.2495097563782,19.562,..,..,..,..,3.557,..,..,..,..,644935541440,1.67064234738177,31.3589804610702,..,3.1984131767387,4.1,7.9,32275687,..,11.68136,..,2149690,..,61.8620168524936,5.65000009536743,110.928961748634
Senegal,2016,64.5,72.33999,8.21837506410927,5.16652921782976,6.64668958291363,..,85.1650619907593,35.599,..,..,..,..,5.899,31.31751,16.65363,19.2917907868344,..,18973894458.795,6.22844989622426,14.1416278020828,..,6.23141247384123,21.1,47.5,15411614,19.65404,31.74299,..,196710,15.896196622334,54.256384049486,..,..
Serbia,2016,100,99.16856,3.25662960615915,3.7987972700648,4.27335147233988,16.0333027,50.1426907371844,9.2,..,..,..,..,14.3,..,..,..,..,38299854688.1277,2.79732371859058,11.6268240514843,99.71982,2.16139662972866,3.8,6,7058322,8.22827,14.5183,..,88360,..,107.49849234879,15.257399559021,..
Seychelles,2016,100,..,2.41554288083987,1.05471867914255,3.49,..,43.7112932604736,17.4,..,..,..,..,7.9,30.57084,27.14956,33.3269449644611,..,1427525456.57573,4.50303159109606,15.6308372500345,..,1.6817454948648,8.7,14.4,94677,11.6348,13.98602,..,460,31.6735115447859,172.15158984507,3.96490001678467,..
Sierra Leone,2016,20.3,99.17737,-5.1632687389625,-7.20414226048682,2.71225309299528,-8.834252705,81.6210861673656,35.006,..,..,..,..,12.751,35.65482,11.98943,..,..,3556036534.56923,6.05547402877262,-14.5434639104123,..,4.5804786789968,34.4,115.9,7396190,22.04465,37.33182,..,72300,..,79.4160025693785,..,..
Singapore,2016,100,99.94123,2.98312057289797,1.65561080780682,2.76,45.8347389,37.9844314563033,9.4,..,..,..,..,4.8,..,..,14.8762832546757,..,309763879840.753,2.39702145797342,53.310964091127,99.92658,3.70052475054253,1,2.8,5607283,11.67941,15.0593,..,719.000015258789,13.7082621544319,310.256116061455,4.07999992370605,80.8263627014056
Sint Maarten (Dutch part),2016,100,..,..,..,..,..,..,..,..,..,..,..,..,..,..,..,..,..,0.432506259959027,17.7227722772277,..,..,..,..,39969,..,..,..,34,..,214.60656591975,..,..
Slovak Republic,2016,100,..,2.99596408403411,2.86326484523055,3.98568080711758,23.30579665,42.5427250374284,10.6,..,..,..,..,9.6,..,..,40.1701797297251,..,89768598023.3903,3.32469529596402,26.0725138189796,..,10.9398526062152,2.9,5.8,5430798,..,..,..,49030,17.4462280746698,185.747109389577,9.67020034790039,..
Slovenia,2016,100,97.76499,4.22521237075651,4.14895034030278,4.89346357146207,24.99543255,49.997784581413,9.9,..,..,..,..,9.5,..,..,40.2838144197107,..,44708598648.8562,3.14835548996039,27.8564777332909,..,4.88509944239384,1.2,2.3,2065042,9.69943,13.80157,..,20675,18.5550134505559,146.152219504331,8.00010013580322,..
Solomon Islands,2016,47.9191436767578,72.64135,..,..,9.94,..,74.4510379711469,28.713,..,..,..,..,4.771,..,..,33.2868125132703,..,1232699139.42779,3.45660642437728,..,..,..,8.7,21.2,599419,..,25.15321,..,28900,26.6821965211914,..,..,..
Somalia,2016,29.8903179168701,..,..,..,0.991144636141377,..,97.049242506608,43.362,..,..,..,..,11.367,..,..,..,..,6761998533.93861,..,-37.3410231766974,..,..,39.1,131.5,14317996,..,..,..,637660,..,76.9594793541756,..,..
South Africa,2016,84.2,..,-0.499571241688514,-1.78605482681061,5.97,16.58264554,52.4085780041956,20.981,..,..,..,..,9.793,..,..,34.4514061565198,..,295746599722.066,0.565344943824186,19.7528526976536,..,0.909329422351874,11,38.5,56015473,26.84814,..,..,1219090,27.0969811132346,60.790525014704,26.5506992340088,..
South Sudan,2016,8.94762802124023,..,..,..,1.74693921164896,..,82.9560644445588,35.936,..,..,..,..,10.982,36.35943,12.22592,..,..,2904114903.22912,-13.833722741433,10.4562909891764,..,..,39.6,96.4,12230730,..,..,..,..,..,116.698145424894,..,..
Spain,2016,100,98.53001,3.19772315575422,3.11062993486917,4.05862110321424,22.41537823,51.3887383981403,8.7,..,..,..,..,8.8,..,..,19.7028757592609,..,1237255019653.86,3.27446273967742,23.5050361101525,99.6221599999999,3.51619299405155,1.8,3.1,46484062,11.60931,12.99102,..,505935,13.8477383547217,62.8760095912284,19.6347007751465,..
Sri Lanka,2016,95.5882339477539,99.0801,6.01988659395931,4.8348319732562,1.80556984779775,29.7818686,51.474748158842,15.292,..,..,..,..,6.899,34.89671,50.4102,16.8527581813925,..,81787420023.358,4.46882968833408,27.636433268737,98.68899,3.15423993193984,6.1,9.1,21203000,17.42213,23.16642,..,65610,12.2929318106499,50.0084866739714,4.36999988555908,..
St. Kitts and Nevis,2016,100,..,..,..,3.31,..,..,..,..,..,..,..,..,..,..,..,..,958973183.222222,2.3175085237005,..,..,-9.56295557730556,8.9,13.8,54821,7.9222,13.87277,..,260,..,107.700655813654,..,..
St. Lucia,2016,97.7609176635742,..,..,..,4.63672184422946,8.402734554,40.5888438726594,12.108,..,..,..,..,7.506,26.37935,30.798,..,..,1635675296.2963,3.36515311590185,12.8777551226832,..,3.83453955245443,12.7,17,178015,11.78644,15.12879,..,620,..,82.6003838985248,21.2626991271973,..
St. Martin (French part),2016,71.9702835083008,..,..,..,..,..,..,15.2,..,..,..,..,4.2,..,..,..,..,..,..,..,..,..,..,..,31949,..,..,..,54.4,..,..,..,..
St. Vincent and the Grenadines,2016,100,98.0976,0.292125383675184,0.120158914569714,5.17857233256347,..,46.2764822028924,15.507,..,..,..,..,7.18,37.51336,32.68362,..,..,770762204.076067,1.97545593919382,-1.86574125171537,..,1.9413945657361,9.9,16.8,109643,14.33003,14.51432,..,390,..,95.8061447920355,..,..
Sudan,2016,38.5284423828125,59.56956,-2.45695179156519,-0.974762122574575,2.18,9.370710341,80.7197296447761,32.926,..,..,..,..,7.435,..,..,..,..,95584380032.2061,4.70000004201418,20.0000336939144,..,..,30.1,65.2,39578828,..,..,..,..,..,22.3559290338775,..,..
Suriname,2016,87.1763153076172,94.71427,..,..,3.4447781,65.06948004,50.3628681529674,18.216,..,..,..,..,7.313,..,..,..,..,3152173913.04348,-5.56119342399026,..,..,7.25058004640371,10.6,20.2,558368,..,13.35066,..,163820,..,..,..,..
Sweden,2016,100,99.60713,3.55612122337388,2.26312616554108,7.1246718444401,29.3735745,59.320481409291,11.8,..,..,..,..,9.2,..,..,31.3547124252123,..,514459972806.171,3.23494192235782,29.5882539101644,..,2.78702003977361,1.7,2.9,9923085,12.90017,12.3537,..,447430,27.6546142142144,83.7076218181884,6.98999977111816,..
Switzerland,2016,100,99.75995,-2.49150643990318,-3.55053659267408,4.56884498804601,33.45288021,49.3821398765529,10.5,..,..,..,..,7.8,..,..,17.4467814928423,..,668745279604.532,1.37588449583828,34.3321458684835,..,1.75819420234065,3,4.3,8373338,9.7742,10.13562,..,41290.400390625,9.76821094216059,120.4002140529,4.91790008544922,..
Syrian Arab Republic,2016,100,..,..,..,2.5960693,..,71.0656721031047,21.472,..,..,..,..,5.522,..,..,..,..,..,..,..,..,..,8.8,17.5,18430453,..,..,..,185180,..,..,..,..
Tajikistan,2016,100,95.47253,..,..,3.76833453595531,..,62.7384592913096,28.842,..,..,..,..,5.158,..,..,..,..,6952678127.03396,6.87296416938112,-4.7836693337445,..,..,15,34.6,8734951,..,22.19159,..,141380,..,54.9733751108223,..,..
Tanzania,2016,32.8,80.80852,6.18232806550962,6.49597687136539,3.73,21.06295735,93.0237746410775,38.186,..,..,..,..,6.737,..,..,..,..,47388394818.1193,6.96807186932486,24.3828401001371,..,7.77721255794243,21.6,56.1,55572201,..,41.76673,..,947300,..,42.3310410115355,..,..
Thailand,2016,100,..,0.868816362963187,0.567200888438265,4.19167452490432,35.15299075,40.0667249848225,10.333,..,..,..,..,7.872,..,..,19.0036729833442,..,411755164832.674,3.28268307477235,33.106507562713,..,2.29688202529013,5.5,10,68863514,26.63435,16.65791,..,513120,15.4228763984157,122.168153177406,0.688000023365021,..
Timor-Leste,2016,63.3941383361816,81.8366,7.54020917207792,5.19269862536287,3.16804492119075,..,89.6102789742547,35.048,..,..,..,..,5.53,..,..,94.9898051748727,..,2521000000,0.827857234892406,23.8556128520428,..,..,21.1,49.4,1268671,..,..,..,14870,9.81802752003173,118.0285600952,..,..
Togo,2016,46.9283752441406,91.07442,2.85650963566755,0.293039282427927,5.60262810203998,..,80.6400699156215,34.028,..,..,..,..,8.686,64.0631499999999,16.01789,18.5241597236598,..,4457732624.94515,5.09999205281729,4.14560850275698,..,2.10255370940438,25.9,75.3,7606374,..,41.39676,..,56790,18.8737305765675,103.986696284281,..,..
Tonga,2016,97.02,..,..,..,2.93,..,72.8025035892307,23.982,..,..,..,..,5.989,..,..,..,..,401117499.988895,3.37947374984412,..,..,1.20724346076457,6.9,16.4,107122,..,..,..,750,..,89.4327037661608,..,..
Trinidad and Tobago,2016,100,..,..,..,2.87,..,43.7713161392798,13.608,..,..,..,..,9.612,..,..,..,..,22295585700.3672,-5.95706134719481,..,..,-5.54246159914386,17.1,26.9,1364962,..,..,..,5130,..,..,2.9721999168396,..
Tunisia,2016,100,..,..,..,5.9,9.405493723,46.3805271792291,18.295,..,..,..,..,6.341,..,..,..,..,41808379888.2682,1.1083929680381,7.70485633220642,..,0.292190960931222,7.7,13.5,11403248,..,16.18367,..,163610,..,90.6983399477086,15.5142002105713,..
Turkey,2016,100,94.44043,3.37017205072794,1.75686913770856,4.29237734524015,24.75063281,49.8492384749315,16.241,..,..,..,..,5.819,..,..,32.7205439776903,..,863721731068.508,3.18381907738632,25.3411653937894,99.62136,3.83927288439405,6.5,12.5,79512426,..,..,..,785350,18.3247725334396,46.8156420522548,10.8386001586914,..
Turkmenistan,2016,100,..,..,..,2.32,..,53.8135411364159,25.373,..,..,..,..,7.076,..,..,..,..,36180000000,6.1999999664301,..,..,..,21.8,48.8,5662544,..,..,..,488100,..,62.0279554607913,..,..
Turks and Caicos Islands,2016,95.700439453125,..,..,..,..,..,..,..,..,..,..,..,..,..,..,..,..,..,..,..,..,..,..,..,34900,..,..,..,950,..,..,..,..
Tuvalu,2016,99.426155090332,97.48478,..,..,..,..,..,..,..,..,..,..,..,..,..,..,..,36572611.8853148,3.03495102867583,..,..,..,16.5,25.7,11097,8.38059999999999,17.19481,..,30,..,..,..,..
Uganda,2016,26.7,..,-3.3104732823404,-6.44061523764852,1.98031924528997,20.20487942,100.630767843244,42.144,..,..,..,..,8.697,..,..,13.6899262601904,..,24133664284.5033,4.78100029145199,15.4325122141856,..,0.59506005065353,20.9,51.6,41487965,..,42.72062,..,241550,13.4557703786114,47.1145215972767,..,..
Ukraine,2016,100,..,3.85887791534434,2.33634076538878,5.80122727350942,17.62434046,45.75968438318,10.3,..,..,..,..,14.7,19.63951,27.88959,33.5044167207813,..,93355993628.5042,2.44099473810617,14.8001963639138,..,3.66736976161101,5.4,9.1,45004645,7.03673,12.75838,..,603550,19.6301198096561,105.521204913122,9.35000038146973,..
United Arab Emirates,2016,100,97.17865,-2.63602754636887,-3.84719363008718,..,..,17.6081783608388,9.592,..,..,..,..,1.592,..,..,4.4659581193146,..,357045064669.843,2.98844182081464,51.287857064415,..,4.85217327351621,4.7,9,9269612,9.54885,24.52278,..,83600,0.0434947005242334,176.747648042171,1.63550198078156,..
United Kingdom,2016,100,99.76344,2.30355542393804,1.57567879797141,5.66075284952537,11.6098674,56.1748670126333,11.8,..,..,..,..,9.1,33.36391,37.4718,37.2992867660804,..,2650850178102.14,1.93579094969158,15.345098153069,..,0.233807641512925,2.7,4.4,65595565,19.44776,15.05392,..,243610,25.5971162999647,58.5823132453289,4.81319999694824,..
United States,2016,100,95.89206,0.97414448731621,0.235399481369242,4.78450726445276,17.7651263,51.6523481467354,12.4,..,..,..,..,8.4,..,..,22.6873963658036,..,18624475000000,1.48527919319147,16.890102942499,..,0.540861148853196,3.7,6.7,323405935,..,..,..,9831510,11.024841292815,26.579922387074,4.86920022964478,..
Uruguay,2016,100,98.34596,1.56374307310993,1.19647459093177,4.30152395038539,18.21254609,55.7091445054299,14.034,..,..,..,..,9.366,..,..,38.4252045735119,..,52687612261.5424,1.68979816237868,19.343249351629,99.15242,0.725579185083518,4.8,8.6,3444006,..,11.13129,..,176220,23.7093047211716,41.3102262381265,7.84060001373291,156.337694910717
Uzbekistan,2016,100,97.50505,3.92800702332103,2.13647678566633,9.3747642,..,47.7291260520074,22.8,..,..,..,..,4.9,..,..,18.3078628597444,..,67445712840.4013,7.80000000151786,11.6833355500732,100,6.69999998790169,12.9,23.9,31847900,10.43487,20.42443,..,447400,17.1559283190351,51.1534210628951,5.15999984741211,..
Vanuatu,2016,57.82,..,..,..,5.02,..,67.8222983540627,25.855,..,..,..,..,4.775,..,..,25.3285475068054,..,787942567.411846,4.00057448624516,..,..,..,11.9,27.6,270402,..,..,..,12190,16.6498050181773,..,..,..
"Venezuela, RB",2016,99.6038360595703,88.94373,..,..,6.54,..,52.2710704887865,19.03,..,..,..,..,5.609,..,..,..,..,..,..,..,98.75951,..,17,26.4,31568179,..,..,..,912050,..,..,..,4005.10218819637
Vietnam,2016,100,..,9.75477796382967,8.59709567428779,4.61775215880337,30.18576256,42.8589025256001,16.691,..,..,..,..,5.821,..,..,..,..,205276172134.901,6.21081166789989,24.9477150877034,..,11.9000388602207,10.8,21.3,94569072,..,19.62995,..,331230,..,184.686278311417,1.85150003433228,..
Virgin Islands (U.S.),2016,100,..,..,..,9.3561772,..,62.0224549770176,13,..,..,..,..,7.6,..,..,..,..,..,0.936995153473347,..,..,..,..,..,107510,..,..,..,350,..,111.027892561983,..,..
West Bank and Gaza,2016,100,92.30318,..,..,..,9.94927816,74.9449017071054,31.783,..,..,..,..,3.498,..,..,7.66989145495315,..,13425700000,4.70843525605618,-18.1912302524263,99.3837099999999,6.18832084291756,11.6,21.4,4551566,19.64335,23.84715,..,6020,6.09745481573913,74.541364696068,27.0751991271973,110.163751872949
"Yemen, Rep.",2016,71.6423492431641,83.31682,..,..,3.6,..,75.9001725764795,31.636,..,..,..,..,6.456,..,..,..,..,36436652465.1639,-13.621458438417,..,..,-10.5431659083008,27,55.4,27584213,..,26.93016,..,527970,..,..,..,..
Zambia,2016,27.2193374633789,..,..,..,1.06,34.28971543,90.7796634648112,38.131,..,..,..,..,7.78,..,..,22.2953692306268,..,20954754378.1394,3.75717780476374,32.5257984803191,..,1.91711166954607,22.7,62.4,16591390,..,..,..,752610,14.9371937731955,73.9585743505261,..,..
Zimbabwe,2016,38.1451377868652,..,-1.42831496699789,-3.70432993417585,1.91,-0.834098894,79.1953035239659,33.144,..,..,..,..,8.078,..,..,..,..,20548678100,0.75586925093063,-1.47059046099903,..,0.555004759101436,23.1,53.3,16150362,..,..,..,390760,..,51.2190246437312,..,..
Arab World,2016,88.7686540243445,84.2871,-1.56149947023214,-3.5347926570023,..,..,62.0574752897263,25.9277663555677,..,..,..,..,5.54867665702495,..,..,..,..,2513935702899.65,3.24239864815364,29.4382591386344,84.9456,2.71217155061873,17.6143451981348,37.4480239303103,406452690,14.54741,20.03295,..,11273300.9922791,..,82.6251569844471,..,..
Caribbean small states,2016,96.0163093060266,..,..,..,..,..,47.8549726089907,16.4835250079105,..,..,..,..,7.68467767511748,35.87399,38.94375,..,..,67665555626.4245,-1.86243211150828,..,..,4.72650148873821,12.5080597982279,19.5285721595415,7245472,16.40905,18.59734,..,434990,..,..,10.4822692916631,..
Central Europe and the Baltics,2016,100,94.66456,3.12758797330761,3.39133674728515,..,..,47.7590841839406,9.98166060732093,..,..,..,..,11.5980344668056,..,..,35.615363696585,..,1314649428199.32,3.15287457561905,25.7786701645246,..,5.33942233356053,2.96874889019823,5.5066694041777,102994343,10.01904,12.96013,..,1135391.00097656,17.3812105630497,123.493250343002,6.48854842867522,..
Early-demographic dividend,2016,86.7516274576338,93.83647,3.58814552896392,2.18072027158304,3.99360082859485,26.1405255438156,54.5257456319962,20.8797871049374,..,..,..,..,6.7259518388163,..,..,..,..,10478469295415.3,4.55850650152189,25.1338106820779,91.17678,4.36748296600516,21.603926017492,38.9667223300853,3170657660,21.59539,27.76426,..,34108218.0537415,..,50.6241814628056,..,..
East Asia & Pacific,2016,96.9142412144666,96.05758,3.62519110834374,2.92110943630657,..,..,43.122700348759,13.5049690285165,..,..,..,..,7.30663773642434,..,..,14.9822260924396,..,22511544018858.2,4.10520960664762,34.2458185400972,98.65097,..,8.1,16.4,2298726779,14.67755,16.9625,..,24827743.4039211,11.715761837406,54.0158035386459,..,..
East Asia & Pacific (excluding high income),2016,96.5807321938037,95.94667,6.00325633873346,5.23463761814043,..,..,41.8979750415402,14.0936947862706,..,..,..,..,7.17749847616022,..,..,10.1111621302265,..,13508699275921.3,6.33198229876078,42.4961606550414,98.57652,..,8.58300303278538,17.3116413944831,2053299126,14.90678,17.02812,..,16272875,9.83296389930091,47.0098029127223,..,..
East Asia & Pacific (IDA & IBRD countries),2016,97.2980303313578,95.99047,6.00325633873346,5.23151995519504,..,..,41.8726736420738,14.0969214435764,..,..,..,..,7.15667997731226,..,..,10.1119294908489,..,13482761895157.8,6.33230438468131,42.4953194786067,98.55658,..,8.55967306644997,17.2789239114422,2027896410,14.87259,17.00519,..,16152595,9.83320899016353,47.0088094084003,..,..
Euro area,2016,100,98.37455,2.42698841648088,2.10105474045945,..,..,54.6155982238025,9.60497137190793,..,..,..,..,9.84630264222738,..,..,36.6841445619367,..,11935033021358,1.80353799822697,24.4056506647066,99.74857,2.16211670233628,2.18637943189963,3.79039052302682,340617355,11.42949,13.09781,..,2759787.59277344,18.8467035749277,84.2691194714124,10.0263005560121,..
Europe & Central Asia,2016,99.9999740023915,97.17837,1.5657510011666,1.0911592200876,..,..,50.9630023391022,12.2330412709373,..,..,..,..,10.0133560816034,..,..,35.3614626452634,..,20283925294721.9,1.83272958843244,24.2100104212991,99.75331,2.22348599135624,4.9,9.4,911686319,11.31601,14.8278,..,28701919.9775925,19.0948654711768,80.077092828136,8.02614066804627,..
Europe & Central Asia (excluding high income),2016,99.9999426436103,95.60122,-1.414041172975,-2.00190974230779,..,..,47.4714749878432,14.8746961801596,..,..,..,..,10.2862296276475,..,..,30.6193831637896,..,2944402616015.28,1.50780153976584,26.0016382039017,99.71222,2.68025092908981,6.93409331383721,13.8684196253815,413234935,10.60975,18.36187,..,23484498.875,13.1945092090754,57.9706523296596,7.36963599145769,..
Europe & Central Asia (IDA & IBRD countries),2016,99.9999479518277,95.61523,-0.858657187434233,-1.38520168373418,..,..,47.2943887134832,14.4227243197914,..,..,..,..,10.29749942642,..,..,31.239812285107,..,3468035583953.44,1.7383533818643,25.6248110925819,99.72,3.00708684510415,6.69225562807126,13.3103621845134,455379371,10.45582,17.10687,..,23853768.875,13.635001572683,64.523787393295,7.31275284354916,..
European Union,2016,100,97.996,2.43511907501701,2.13428097325341,..,..,53.7197911344449,9.99166948766924,..,..,..,..,10.0397097394921,..,..,36.5630129146433,..,16493732605955.8,1.96632259741769,23.4158497273227,..,2.3134504477754,2.41794728404727,4.18528821214203,511218960,12.10599,13.27832,..,4384317.59277344,20.2383884427282,82.867490437171,8.53816904606869,..
Fragile and conflict affected situations,2016,48.9154546681541,75.99326,..,..,..,..,80.9900307234582,33.4676452445023,..,..,..,..,8.48632478889713,..,..,..,..,747106470807.938,5.18025397741218,12.2531438027519,72.11522,4.44013994457167,28.6209849295243,75.0480507399355,499508468,19.0278,30.40008,..,13157999.9922485,..,64.3782231404574,..,..
Heavily indebted poor countries (HIPC),2016,38.5314120525148,80.61811,4.97739544413042,2.14074386323206,3.57418599607686,16.9878957717418,87.1891365086707,36.3308309360128,..,..,..,..,8.39996483653189,..,..,..,..,672719512886.166,4.48087816769717,15.8241936644755,73.19111,5.13542391569905,27.5115238410479,73.5845105109028,744602976,21.27809,39.835,..,17874796.000061,..,58.2627133017335,..,..
High income,2016,99.9767391408547,97.20922,1.26854137227934,0.663315188255311,..,..,52.1653687327348,11.1125328515492,..,..,..,..,8.59691883456369,..,..,27.5684573948761,..,49281339920674.9,1.66269775811108,22.4002572695189,..,1.53574333615754,3.1,5.6,1242137612,12.79645,14.15295,..,40008779.9065441,15.3040827250058,59.4857931216771,6.19944558921059,..
IBRD only,2016,94.5567788678641,96.29135,2.9852211841187,2.0096060522491,..,..,47.2427408149849,16.5227821186378,..,..,..,..,7.25862493342856,..,..,20.5160540295068,..,26042173656557.1,4.09861288483791,30.9777790800605,95.50361,..,14.2753796160005,25.9146940761024,4699231955,17.41909,22.08777,..,71366273.90625,11.9139706446586,49.4221729089033,..,..
IDA & IBRD total,2016,85.3151767948825,90.52128,2.98811925018236,1.68267409185756,3.05840469091037,33.3991760135908,54.582548273709,20.3593442352005,..,..,..,..,7.47167878412848,..,..,20.4132670001473,..,28065251287997,4.03310294976376,29.9931640052587,90.2622,..,20.0316195273538,43.943656802734,6273584648,18.17232,25.38471,..,95955960.9053345,11.9457259541861,49.1085253250454,..,..
IDA blend,2016,75.5273417081881,76.1781,0.911758865514628,-1.36583972941887,..,..,74.6132272154412,32.4099099404231,..,..,..,..,9.00667434242423,..,..,..,..,929069294453.912,1.58204257530625,11.0891571081828,81.11857,-0.543643072541528,34.1955781194579,82.4023397460287,521159047,19.04249,34.78817,..,6037650,..,31.973642349156,..,..
IDA only,2016,48.7515563474362,82.00714,6.08208305263724,3.74106559585931,2.91537144563753,23.4281148066177,77.4616517056752,31.5158639164867,..,..,..,..,7.66283388186085,..,..,..,..,1100909371089.22,4.70530354249834,18.0738748359127,77.53906,7.49324066828794,26.3448427054402,66.7095514603391,1053193646,23.49486,36.21336,..,18552036.9990845,..,55.1767850534708,..,..
IDA total,2016,57.6431455775038,80.16332,3.03737307753711,0.746416287008799,2.68081531507016,..,76.5176973326682,31.811804704009,..,..,..,..,8.1076624405209,..,..,..,..,2033195096250.88,3.11087000140145,14.7783769232193,78.76141,3.6450334778325,28.9855731585588,71.9880918434948,1574352693,21.74778,35.7701,..,24589686.9990845,..,44.2595037206759,..,..
Late-demographic dividend,2016,99.2230549889507,96.97697,2.48575044763892,1.86319796311058,..,..,40.8582283658952,12.8844583535078,..,..,..,..,7.50146164647877,..,..,19.2878141458131,..,18471547018952.7,3.69934707859379,35.1363832316074,99.37551,..,6.2449532874718,11.7596480461902,2264568981,13.76332,17.17909,..,45769685.859375,10.9164544514103,56.1699487071903,..,..
Latin America & Caribbean,2016,97.7975942060493,95.4019,-1.15834441733584,-2.18157438039196,5.05428438710967,18.1002270642582,49.6339384863196,16.8390178592697,..,..,..,..,5.9607588822012,..,..,28.9161246274982,..,5381030431192.47,-0.433992534112235,18.1781337910623,98.36467,-1.91509170525596,9.9,18.3,637663890,16.44649,21.57123,..,20426078.3765625,13.3154145517983,43.5717820132632,8.15365760541869,..
Latin America & Caribbean (excluding high income),2016,97.5527169834802,95.28835,-1.27843747206363,-2.33139933877101,5.06768405036935,18.2865699250125,49.1700006738138,16.9875153931737,..,..,..,..,5.79054259008311,..,..,29.5215033237584,..,4284868016349.43,-0.42302849588846,17.7779243863005,98.33579,-1.56171158393414,10.3673869181532,19.1441389977775,562254848,17.04561,22.34804,..,16605905.9765625,13.1375768506117,43.2405756718759,8.24902929749438,..
Latin America & the Caribbean (IDA & IBRD countries),2016,97.7429792788864,95.4691,-1.15462984953122,-2.21108706077742,4.99467488302492,18.1002754647571,49.7445265577762,16.9993840168764,..,..,..,..,5.90735430865915,..,..,28.9387097397267,..,5148501416959.25,-0.431674589298311,18.0643020846552,98.34087,-1.871523917079,10.0328789721375,18.4050530091744,621534921,16.60802,22.00855,..,20290595.9765625,13.3138294856056,42.5874291692422,8.12931998341583,..
Least developed countries: UN classification,2016,44.7777367015947,81.52138,4.43630279351295,2.0096465420296,..,..,78.8105943549292,32.1668508606015,..,..,..,..,7.68502882836432,..,..,..,..,961386046559.406,3.71631627775335,20.1191915702044,76.7,8.40892336282076,26.8697117810298,68.7333776546728,979387925,24.81686,37.45275,..,18252609.9990845,..,51.4419131703141,..,..
Low & middle income,2016,84.9010756274608,90.44091,3.12732957549954,1.81081687858899,2.96836811633159,34.2320616609959,54.6094487994397,20.4425787148528,..,..,..,..,7.4587569136507,..,..,19.6788672162725,..,26726016966212.3,4.19127682544904,30.5101066907681,90.24796,..,20.1533555422391,44.2322664814815,6202019744,18.36459,25.5851,..,92027840.9053345,11.69290206753,47.9584334252792,..,..
Low income,2016,38.8337191295817,80.06706,2.6778494433977,0.0946129295970195,..,..,85.3141289683109,35.0354574924259,..,..,..,..,8.17896032976942,..,..,..,..,538609463028.729,3.2134586043413,11.1959134531352,72.87411,4.47973541489391,27,71.6,714022293,21.89259,39.50265,..,14668686.000061,..,58.2776875419075,..,..
Lower middle income,2016,83.4152483532965,90.53988,5.80348139882496,4.29730499034184,3.11892098611471,27.7214326654154,57.1568512110006,22.357750518233,..,..,..,..,7.49594574698281,..,..,..,..,6054671000959.61,5.14950268947743,23.7193932990201,89.14103,5.78228107563386,24.6,50.4,2931075528,22.46449,28.70438,..,20392610.0615234,..,49.2623125844375,..,..
Middle East & North Africa,2016,98.0317126784446,93.82374,-0.00343102312814381,-1.78089510783543,..,..,55.1611432453993,22.7946006639802,..,..,..,..,4.96366190516392,..,..,..,..,3155751031178.16,4.82542701060318,30.5024132826998,90.81532,3.20203011836198,13,23.6,436738031,14.74473,20.40259,..,11370619.992218,..,75.5632780151469,10.0329787924851,..
Middle East & North Africa (excluding high income),2016,97.6998070669466,93.49314,2.26350225553762,0.547864579521473,..,..,58.0617687231523,23.6879401463915,..,..,..,..,5.24888537570823,..,..,..,..,1459009156993.9,7.41769747945695,23.9479927597494,89.57807,4.12866334905542,14.082638033723,25.6120008140998,373719055,15.90415,22.55314,..,8775231.9921875,..,54.4991430142088,12.1080071561629,..
Middle East & North Africa (IDA & IBRD countries),2016,97.6714473650241,93.50686,2.26350225553762,0.562563628867991,..,..,57.8536120020082,23.5881339600519,..,..,..,..,5.27047251591811,..,..,..,..,1445417303459.41,7.45069617997693,24.2732488035207,89.41692,4.12348797773521,14.1261902055421,25.6858906766839,369167489,15.83037,22.54026,..,8769211.9921875,..,54.3541883567996,11.8971375115637,..
Middle income,2016,90.8531926510084,92.76915,3.1326407825143,1.98234870433474,2.96370794416844,34.4323619485794,50.6131078478983,18.5438838516445,..,..,..,..,7.36505048687279,..,..,19.6967177546388,..,26189817248640.8,4.20650050141064,30.7963029442179,92.75883,..,18.4605350618681,37.4957655039852,5487997451,18.09941,23.79121,..,77359154.9052734,11.6618110997631,47.8058198645468,..,..
North America,2016,100,96.23541,0.960504456431238,0.17515975004585,..,..,51.3086852738488,12.2381970650245,..,..,..,..,8.30919927142102,..,..,22.2017901011922,..,20166305457752,1.47833494193783,17.2369403675068,..,0.535712658505318,3.7,6.6,359735880,15.00997,14.66749,..,19820470,11.1292987439467,30.0078830958562,5.10147535940233,..
Not classified,2016,..,..,..,..,..,..,..,..,..,..,..,..,..,..,..,..,..,..,..,..,..,..,..,..,..,..,..,..,..,..,..,..,..
OECD members,2016,100,97.37915,1.45087613144594,0.795041001799234,..,..,53.0058041320727,11.708258525995,..,..,..,..,8.38558232875437,..,..,27.7153714914879,..,47659683711510.1,1.73571730445481,21.7758163186645,..,1.5771673540446,3.80096745339173,6.93528040140668,1292855641,13.84108,15.5339,..,36570179.1064453,15.4265549978111,55.2363056362679,6.3144159797573,..
Other small states,2016,71.7290096348479,83.2804,..,..,..,..,58.6152168065876,23.8832773087547,..,..,..,..,7.45219996391504,..,..,..,..,365180793974.342,2.26918024749585,38.2485933396832,88.35816,1.99361190709404,23.1242952212666,53.1275845608863,30012500,14.03917,23.5886,..,2072942.99911499,..,107.618285593843,..,..
Pacific island small states,2016,79.548082762729,88.76058,..,..,..,..,63.9049430328696,23.7870439514756,..,..,..,..,5.97108078729469,..,..,..,..,9025052141.97457,2.21843609368482,..,..,-0.387135881954293,10.8283468161648,25.2303445883019,2388875,..,23.01982,..,65150,..,85.9088453308269,..,..
Post-demographic dividend,2016,99.9997578111353,97.25644,1.32384130787742,0.860514061627683,..,..,53.1286366438097,10.4599363617437,..,..,..,..,9.28996865903718,..,..,27.6159826875599,..,45260097063637.2,1.61901544272378,21.6755322094134,..,1.45520532115076,2.79943335534584,5.03893922175063,1102778565,12.75582,14.17822,..,33539743.5064602,15.3473572991739,56.7188649549675,6.44774232989739,..
Pre-demographic dividend,2016,43.016982812245,76.34458,0.378117648986461,-2.43546712337984,..,..,89.2314538200985,37.9978313568773,..,..,..,..,9.30602100713584,..,..,..,..,1220166420291.91,2.7604080981879,15.2247946651382,71.81676,0.580454513335482,28.5931395078699,81.0377637801996,879292453,20.48861,35.46897,..,18149307.9922485,..,49.2072120686669,..,..
Small states,2016,76.6386494365073,85.41271,..,..,..,..,56.9784276972482,22.5423647557656,..,..,..,..,7.40734138364862,..,..,..,..,441871401742.741,1.67988512330979,35.589978097032,89.75537,2.10835937418945,20.9653366168142,46.9738328486147,39646847,14.8358,22.63973,..,2573082.99911499,..,104.735499548013,..,..
South Asia,2016,85.5691498225237,93.75423,6.55495351881601,5.21614886161299,..,..,53.8015312842142,20.2604742716566,..,..,..,..,7.08577276430401,43.30205,39.693335,..,..,2902952967919.78,6.83842726486475,27.2730461717308,88.25261,7.68900013021685,27.9,46.9,1766393714,28.20534,35.48801,..,5135333.06152344,..,39.2679990402668,..,..
South Asia (IDA & IBRD),2016,85.5691498225237,93.75423,6.55495351881599,5.21614886161299,..,..,53.8015312842142,20.2604742716566,..,..,..,..,7.08577276430401,43.30205,39.693335,..,..,2902952967919.78,6.83842726486475,27.2730461717308,88.25261,7.68900013021685,27.8631448358961,46.8954176883977,1766393714,28.20534,35.48801,..,5135333.06152344,..,39.2679990402668,..,..
Sub-Saharan Africa,2016,42.7951221700988,78.76128,0.24136462278635,-2.41333916875963,..,..,85.8027272699754,36.3028717567095,..,..,..,..,9.23152684856017,..,..,..,..,1543178532381.65,1.21745816335653,17.6698999060945,75.30532,1.19237795155898,27.8,78.3,1033212743,21.57024,37.62904,..,21754456.000061,..,51.5421886010159,..,..
Sub-Saharan Africa (excluding high income),2016,42.7898545384094,78.76034,0.241364622786364,-2.4134603899039,..,..,85.8065846129344,36.3046040535768,..,..,..,..,9.23164887233615,..,..,..,..,1541751163906.9,1.21503158591716,17.6715678810541,75.30373,1.19209433338312,27.840939225909,78.2588718705125,1033118066,21.57253,37.6325,..,21753996.000061,..,51.4436170370613,..,..
Sub-Saharan Africa (IDA & IBRD countries),2016,42.7951221700988,78.76128,0.241364622786406,-2.41333916875965,..,..,85.8027272699754,36.3028717567095,..,..,..,..,9.23152684856017,..,..,..,..,1543178532381.65,1.21745816335645,17.6698999060945,75.30532,1.19237795155898,27.8401627415877,78.2562813282095,1033212743,21.57024,37.62904,..,21754456.000061,..,51.5421886010159,..,..
Upper middle income,2016,99.3797144738404,96.36839,2.29045608207383,1.51095796290572,..,..,43.1158635244311,14.1715823766453,..,..,..,..,7.21498925272865,..,..,19.9936819138895,..,20124279747628.3,3.91551007484607,32.9044668236502,98.15709,..,7.4,14.4,2556921923,14.42642,18.50776,..,56966544.84375,11.5848400349424,47.3750755141468,..,..
World,2016,87.3784431778704,91.20702,1.87604042826823,0.690916128665847,4.08317224175597,25.8855757276003,54.2017372324467,18.8861289369294,..,..,..,..,7.64862649146419,..,..,25.6219878524815,..,75997380505934.8,2.51346906018912,24.6938590031537,91.35885,1.92431999574563,18.5,40.5,7444157356,17.13896,23.4696,..,132036620.811879,14.4131551859654,56.2129029144921,..,..
Data from database: World Development Indicators,2016,,,,,,,,,,,,,,,,,,,,,,,,,,,,,,,,,
Last Updated: 01/30/2019,2016,,,,,,,,,,,,,,,,,,,,,,,,,,,,,,,,,
